	stat	logfc	pval	qval	initial_mean	final_mean	initial_mean_ori	final_mean_ori
ENSMUSG00000001655_LINE1151_Hoxc13_D	0.7615745086983631	1.5101922750473022	0.0	0.0	0.25715458	0.7509845	-1.1335031	3.292324
ENSMUSG00000050328_LINE1373_Hoxc12_D	0.6418447624902164	1.1322922706604004	0.0	0.0	0.31808263	0.7091793	-0.5930948	2.0094206
ENSMUSG00000038227_LINE1311_Hoxa9_D_N1	0.593893069933854	1.0169048309326172	2.4756608875124836e-278	4.497450612314345e-276	0.34241128	0.70312995	-0.5252169	1.7196867
ENSMUSG00000020875_LINE1188_Hoxb9_I	0.5909603758092004	0.9338318109512329	6.213056883865386e-275	8.465290004266588e-273	0.35791576	0.69284534	-0.42598823	1.8692713
ENSMUSG00000032481_LINE6526_Smarcc1_I_N2	0.5646900341443398	1.3797870874404907	5.588711877875989e-246	6.091695946884828e-244	0.19798085	0.53122854	-2.6518037	3.8126278
ENSMUSG00000040270_LINE222_Bach2_I	0.5639127470063373	1.3623912334442139	3.670078526394007e-245	3.333654661474556e-243	0.20813574	0.5508509	-2.1446514	3.1636465
ENSMUSG00000025612_LINE191_Bach1_I	0.5554144370339467	1.3445123434066772	2.2958617985705837e-236	1.7874924003156686e-234	0.20463683	0.53505814	-2.2380311	3.168309
ENSMUSG00000021250_LINE181_Fos_I	0.5497387107319582	1.350311517715454	1.2458583314557263e-230	8.487409883042135e-229	0.20162581	0.52957636	-2.5550292	3.6836977
ENSMUSG00000071076_LINE258_Jund_D	0.5493805630981573	1.3287298679351807	2.84206376004823e-230	1.721027499140317e-228	0.21467696	0.55434686	-1.8790816	2.7856748
ENSMUSG00000055053_LINE1700_Nfic_I	-0.5367560257983729	1.0809056758880615	6.390754948134234e-218	3.482961446733157e-216	0.59741604	0.277145	0.8370258	-1.5326675
ENSMUSG00000052837_LINE241_Junb_D	0.5324006951728751	1.2609096765518188	8.836882965368675e-214	4.3782738328417525e-212	0.21269807	0.5236888	-1.7422396	2.35786
ENSMUSG00000003545_LINE172_Fosb_I	0.5274349174862215	1.289952039718628	3.9271446718142674e-209	1.7835782051156465e-207	0.19907385	0.50122726	-1.9944828	2.6537042
ENSMUSG00000020656_LINE1130_Grhl1_I	0.5266980953394486	1.1122183799743652	1.892956763239819e-208	7.935857199736164e-207	0.28681663	0.63165164	-1.410472	1.3835074
ENSMUSG00000058794_LINE251_Nfe2_I	0.5264149998970068	1.2436954975128174	3.4604552514901067e-208	1.3471057943300773e-206	0.22135873	0.53786755	-1.5049232	2.0888228
ENSMUSG00000031162_LINE1118_Gata1_D	-0.5043696613717099	0.9984567761421204	1.57778286140187e-188	5.732611063093461e-187	0.48566133	0.2380959	0.10156459	-2.2054265
ENSMUSG00000015839_LINE175_Nfe2l2_D	0.5019213814726123	1.1686660051345825	1.9653391650615155e-186	6.694436530990787e-185	0.2314809	0.5328581	-1.2800032	1.7854142
ENSMUSG00000042499_LINE1350_Hoxd11_D	0.4992742857360528	0.8718497157096863	3.466197259689558e-184	1.1112220626651817e-182	0.36462292	0.6755628	-0.4302185	1.2180084
ENSMUSG00000024912_LINE189_Fosl1_D	0.49509117449942036	1.1844183206558228	1.1212091556692893e-180	3.394772165776459e-179	0.23671304	0.55070907	-1.3411399	1.8231385
ENSMUSG00000024619_LINE1215_Cdx1_D	0.4945722344400737	0.7919618487358093	3.0318445298605657e-180	8.696606677757939e-179	0.38630587	0.6761748	-0.31850946	1.3470589
ENSMUSG00000015619_LINE1113_Gata3_D	-0.4945175260500578	0.983401358127594	3.366731715376337e-180	9.174343924400517e-179	0.49402848	0.2449305	0.1829414	-2.0761762
ENSMUSG00000021944_LINE1116_Gata4_D_N1	-0.4939606151563236	0.9857772588729858	9.770723876208788e-180	2.5357354821589473e-178	0.4856882	0.24029955	0.12761061	-2.1003208
ENSMUSG00000005836_LINE1110_Gata6_D	-0.4928093688852572	0.9946932792663574	8.785068570768347e-179	2.1763010777585224e-177	0.48278955	0.23730275	0.14660825	-2.1015148
ENSMUSG00000034266_LINE573_Batf_I_N1	0.44818564502991726	1.0644973516464233	1.7207036593663426e-144	3.907431226477736e-143	0.23767741	0.50800276	-1.1369392	1.2992913
ENSMUSG00000026630_LINE553_Batf3_I_N1	0.44818564502991726	1.0644973516464233	1.7207036593663426e-144	3.907431226477736e-143	0.23767741	0.50800276	-1.1369392	1.2992913
ENSMUSG00000024985_LINE1715_Tcf7l2_D	0.43969613948215897	0.8061970472335815	1.5893045807791084e-138	3.464683986098456e-137	0.3735874	0.6607394	-0.572811	1.9320825
ENSMUSG00000054191_LINE628_Klf1_D	0.4347221508024319	0.9567190408706665	4.15193907021097e-135	8.703103051019149e-134	0.3096729	0.6104502	-0.87584865	1.2568489
ENSMUSG00000027985_LINE1723_Lef1_D	0.43381553683395496	0.7877710461616516	1.71769125447725e-134	3.467191606259634e-133	0.374025	0.6529827	-0.556276	1.9102038
ENSMUSG00000001911_LINE1689_Nfix_I	-0.4249393985968824	0.839475691318512	1.4932793631349967e-128	2.9065616175306182e-127	0.6109257	0.33700222	0.6847596	-0.97780406
ENSMUSG00000055799_LINE1755_Tcf7l1_D	0.41406304260027843	0.7238724231719971	1.6318771880668932e-121	3.0668036810222648e-120	0.4011604	0.6690763	-0.43280238	1.5515125
ENSMUSG00000045608_LINE1361_Dbx2_D	-0.4098195447478569	0.9366059303283691	7.744795725326618e-119	1.3615850549364538e-117	0.6593679	0.33971834	0.8868984	-1.4800322
ENSMUSG00000029755_LINE1267_Dlx5_D	-0.4098195447478569	0.9366059303283691	7.744795725326618e-119	1.3615850549364538e-117	0.6593679	0.33971834	0.8868984	-1.4800322
ENSMUSG00000014767_LINE1805_Tbp_D	0.3976869946449268	0.6880366206169128	2.1373486417973015e-111	3.5298636659985736e-110	0.41083238	0.6679986	-0.30529606	0.85567445
ENSMUSG00000061809_LINE1806_Tbpl2_I	0.3976869946449268	0.6880366206169128	2.1373486417973015e-111	3.5298636659985736e-110	0.41083238	0.6679986	-0.30529606	0.85567445
ENSMUSG00000023391_LINE1210_Dlx2_D_N2	-0.39241194954791697	0.9160097241401672	2.9469376725227173e-108	4.7237677397790614e-107	0.63669515	0.33273086	0.7631745	-1.210596
ENSMUSG00000052684_LINE240_Jun_D	0.3888259262138014	0.8802183866500854	3.7248925441562877e-106	5.800189818757648e-105	0.29269168	0.5471506	-0.7816409	1.0332984
ENSMUSG00000008575_LINE7350_Nfib_I_N4	-0.38710606566339406	0.7695361375808716	3.714134333675487e-105	5.470819491494974e-104	0.57959735	0.33586138	0.5429224	-0.78330445
ENSMUSG00000028565_LINE7375_Nfia_I_N4	-0.38710606566339406	0.7695361375808716	3.714134333675487e-105	5.470819491494974e-104	0.57959735	0.33586138	0.5429224	-0.78330445
ENSMUSG00000041649_LINE492_Klf8_D	0.38405136232235987	0.8446468710899353	2.1334052156942757e-103	3.0597522172457375e-102	0.33405623	0.6078648	-0.6502187	0.9249764
ENSMUSG00000032033_LINE1280_Barx2_D	-0.3792524953819043	0.889633297920227	1.1352890289562899e-100	1.5864936430286614e-99	0.63560003	0.33846346	0.7460367	-1.1869422
ENSMUSG00000057469_LINE996_E2f6_I	-0.3726858090060356	0.8556855320930481	5.148411438985693e-97	7.014710585618007e-96	0.5974602	0.32568413	0.3852499	-0.81799054
ENSMUSG00000014859_LINE988_E2f4_I	-0.36987525339365585	0.8146130442619324	1.7822414774437266e-95	2.3690770858703194e-94	0.5920711	0.33231413	0.32809645	-0.76149064
ENSMUSG00000055148_LINE1590_Klf2_I_N14	0.36888333620036373	0.8088284134864807	6.17406979632465e-95	7.647427361356669e-94	0.33983624	0.602839	-0.599228	0.89257437
ENSMUSG00000000078_LINE740_Klf6_I_N15	0.36888333620036373	0.8088284134864807	6.17406979632465e-95	7.647427361356669e-94	0.33983624	0.602839	-0.599228	0.89257437
ENSMUSG00000029178_LINE1101_Klf3_I_N15	0.36888333620036373	0.8088284134864807	6.17406979632465e-95	7.647427361356669e-94	0.33983624	0.602839	-0.599228	0.89257437
ENSMUSG00000003032_LINE286_Klf4_D_N2	0.3649925641932165	0.7668030858039856	7.742498222076597e-93	9.37702562451499e-92	0.34681737	0.597123	-0.5940474	0.8750413
ENSMUSG00000027490_LINE993_E2f1_I	-0.360866534334309	0.8252385258674622	1.2091059928381104e-90	1.432527752384283e-89	0.5806621	0.32336313	0.34216177	-0.7346477
ENSMUSG00000006705_LINE1167_Pknox1_D	0.3592324482448543	0.7286931276321411	8.755737520939267e-90	1.0152929678535957e-88	0.3692079	0.6183995	-0.56770915	0.647131
ENSMUSG00000021055_LINE1597_Esr2_I	0.3573962133107486	0.767257034778595	7.988792089208415e-89	9.070607684622054e-88	0.36917397	0.6353657	-0.48922855	0.7710392
Q8K439_MOUSE_LINE3878_Zfp263_I_N1	-0.3561956899465554	0.8227378129959106	3.363752387496672e-88	3.7413164309911965e-87	0.6114047	0.34132236	0.4442043	-0.7267011
ENSMUSG00000020160_LINE1184_Meis1_D_N2	0.3491038348776557	0.7091568112373352	1.446062213430144e-84	1.5453017770969184e-83	0.37216923	0.6147887	-0.54832405	0.6270946
ENSMUSG00000041420_LINE1338_Meis3_D_N2	0.3491038348776557	0.7091568112373352	1.446062213430144e-84	1.5453017770969184e-83	0.37216923	0.6147887	-0.54832405	0.6270946
ENSMUSG00000030678_LINE1154_Maz_I	-0.3488151667322783	0.8564380407333374	2.0235166882292813e-84	2.1208011443941503e-83	0.61384237	0.3345572	0.43240982	-0.70432544
ENSMUSG00000025019_LINE1648_Lcor_I	-0.34524238103389265	0.6984435319900513	1.2573382482620638e-82	1.2929232930241975e-81	0.58324516	0.35557944	0.4743198	-0.58121574
ENSMUSG00000027210_LINE1237_Meis2_D_N2	0.3431647050025291	0.6926921010017395	1.353927599868644e-81	1.3664639665340944e-80	0.37266096	0.6084937	-0.54753244	0.5897486
ENSMUSG00000030353_LINE7613_Tead4_I_N1	-0.33748466086296497	0.6313334107398987	8.191133291000118e-79	8.116668442900116e-78	0.5666455	0.3622705	0.5506758	-0.56164825
ENSMUSG00000031621_LINE1272_Isx_D	-0.3360571647644696	0.7918573021888733	4.011475902033663e-78	3.904025654657761e-77	0.6128465	0.34975615	0.5842912	-1.0801493
ENSMUSG00000021469_LINE1194_Msx2_D	-0.3329593925774555	0.776209831237793	1.2246973251541788e-76	1.1709825301912761e-75	0.63944477	0.36921	0.6438535	-1.101704
ENSMUSG00000072294_LINE811_Klf12_D_N1	0.3303423584466753	0.7154551148414612	2.133192594145031e-75	2.004465454843176e-74	0.36363375	0.60350704	-0.5116346	0.7259508
ENSMUSG00000026805_LINE1228_Barhl1_D_N3	-0.32515363298881983	0.7856220006942749	5.672269004656563e-73	5.239638317860724e-72	0.625264	0.3585178	0.614035	-1.0382252
ENSMUSG00000032411_LINE986_Tfdp2_I	-0.3225985324999262	0.7172486186027527	8.519637343098622e-72	7.611807134407784e-71	0.55943996	0.33636546	0.33326626	-0.6675969
ENSMUSG00000038482_LINE987_Tfdp1_I	-0.3225985324999262	0.7172486186027527	8.519637343098622e-72	7.611807134407784e-71	0.55943996	0.33636546	0.33326626	-0.6675969
ENSMUSG00000032015_LINE1279_Pou2f3_D	-0.3219999839420687	0.8016570806503296	1.6010921683130245e-71	1.4074116640816102e-70	0.59909475	0.3394315	0.5232119	-1.0549117
ENSMUSG00000027684_LINE385_Mecom_D	-0.3129288405915422	0.6257845163345337	1.9099665538471498e-67	1.6522726537249151e-66	0.4886349	0.31314898	0.068401	-0.87813294
ENSMUSG00000041911_LINE1345_Dlx1_D_N2	-0.31193565745880986	0.7155939340591431	5.233400960971364e-67	4.456568005827177e-66	0.63463444	0.38255298	0.6857817	-1.1133171
ENSMUSG00000020185_LINE992_E2f7_I	-0.3108636900753112	0.6337352395057678	1.5466095068082465e-66	1.2967725864776836e-65	0.5535178	0.35319036	0.34225416	-0.6199868
ENSMUSG00000046179_LINE995_E2f8_I	-0.31079782774063947	0.6683812141418457	1.6528393473788734e-66	1.364844612608312e-65	0.5518191	0.34350348	0.3274986	-0.64686733
ENSMUSG00000001510_LINE1149_Dlx3_D	-0.3072619237346767	0.7044603824615479	5.705217785930048e-65	4.640811482584889e-64	0.6279709	0.38150483	0.6156792	-1.216671
ENSMUSG00000030087_LINE1139_Klf15_I	-0.3071404304254211	0.7124732732772827	6.437882837243703e-65	5.159773744555615e-64	0.5987647	0.3615127	0.38277876	-0.59128034
ENSMUSG00000033943_LINE169_Mga_I	0.3035144319801462	0.6566004157066345	2.3083458519892583e-63	1.8232586801944141e-62	0.36508676	0.58127314	-0.5183467	0.54490894
ENSMUSG00000074622_LINE260_Mafb_D_N2	0.3029179815136235	0.6340469121932983	4.1390299283730556e-63	3.2225304442333076e-62	0.37842387	0.5927997	-0.43716827	0.5923683
ENSMUSG00000021239_LINE1192_Vsx2_I	-0.3020809138426043	0.6760393977165222	9.371229886185899e-63	7.1934088562976265e-62	0.61724216	0.38257903	0.5705271	-1.0811956
ENSMUSG00000050295_LINE1086_Foxc1_D_N2	-0.2979286634594576	0.5145885944366455	5.1876572470552495e-61	3.9267683328404315e-60	0.57220143	0.39753664	0.4572987	-0.5662066
ENSMUSG00000000782_LINE1702_Tcf7_D_N1	0.2976633664809031	0.5570424795150757	6.689167830582125e-61	4.99396776392775e-60	0.4186945	0.6207168	-0.26342428	0.93863726
ENSMUSG00000035934_LINE1297_Pknox2_D_N1	0.297351088746691	0.6134541630744934	9.019323176029642e-61	6.642609636400209e-60	0.37826538	0.5840141	-0.494666	0.47441828
ENSMUSG00000046714_LINE1082_Foxc2_D	-0.2954289489958459	0.5043308138847351	5.630900462480159e-60	4.091787669402249e-59	0.5723763	0.40056792	0.44447994	-0.559326
ENSMUSG00000022811_LINE962_Zfp148_I_N2	-0.29534944328406015	0.7227883338928223	6.072208544135908e-60	4.354412705992197e-59	0.5977427	0.35824662	0.35389376	-0.6713992
Q8K439_MOUSE_LINE3883_Zfp263_I_N2	-0.2934695101207408	0.6852760910987854	3.5903447977661867e-59	2.541218071146197e-58	0.57435447	0.35340235	0.32492182	-0.5214537
ENSMUSG00000022676_LINE952_Snai2_I_N5	0.2928979298113897	0.6427336931228638	6.146663498024958e-59	4.2947841107994894e-58	0.40737998	0.641649	-0.4056962	0.8140432
ENSMUSG00000038615_LINE215_Nfe2l1_I	0.29274613050263926	0.6231951713562012	7.088634112125363e-59	4.8291319888854034e-58	0.37977734	0.5903673	-0.39649615	0.60913336
ENSMUSG00000029832_LINE1491_Nfe2l3_I_N2	0.29274613050263926	0.6231951713562012	7.088634112125363e-59	4.8291319888854034e-58	0.37977734	0.5903673	-0.39649615	0.60913336
ENSMUSG00000021379_LINE72_Id4_I	0.29130781095604236	0.6403458714485168	2.7253043045216714e-58	1.8113302999564765e-57	0.39907524	0.6276267	-0.4898852	0.76103204
ENSMUSG00000007872_LINE48_Id3_I	0.29130781095604236	0.6403458714485168	2.7253043045216714e-58	1.8113302999564765e-57	0.39907524	0.6276267	-0.4898852	0.76103204
ENSMUSG00000062175_LINE1403_Tgif2_D	0.29103304801141283	0.6064830422401428	3.5217106456902836e-58	2.3124485565074753e-57	0.37353113	0.57394266	-0.48507705	0.46172622
ENSMUSG00000070990_LINE1102_Foxe1_I	-0.290796619083375	0.4603622853755951	4.389951669774346e-58	2.848242452413117e-57	0.58900636	0.42536005	0.46015027	-0.38560826
ENSMUSG00000020889_LINE6649_Nr1d1_I_N1	0.28712120345282566	0.5770792365074158	1.3137588475897576e-56	8.325564789958348e-56	0.40489843	0.6089562	-0.30078727	0.61210835
ENSMUSG00000021775_LINE6674_Nr1d2_I_N1	0.28712120345282566	0.5770792365074158	1.3137588475897576e-56	8.325564789958348e-56	0.40489843	0.6089562	-0.30078727	0.61210835
ENSMUSG00000024238_LINE266_Zeb1_I	0.2859569289085443	0.7009705901145935	3.8150626524271145e-56	2.389895569623882e-55	0.37406847	0.61434096	-0.5102166	0.69200337
ENSMUSG00000052534_LINE1382_Pbx1_D	0.28513217032237365	0.5717507004737854	8.093642177369882e-56	5.012539757575665e-55	0.4141211	0.62038225	-0.27689457	0.7735669
ENSMUSG00000005897_LINE1578_Nr2c1_D_N2	0.2848601579526044	0.5337011814117432	1.0366486128461632e-55	6.348016786529876e-55	0.4200633	0.61257607	-0.31834516	0.5699338
ENSMUSG00000036192_LINE1623_Rorb_D	0.28119398544641033	0.6289877891540527	2.835792760470317e-54	1.703305863044933e-53	0.38324052	0.59813845	-0.3879278	0.6289366
ENSMUSG00000018899_LINE1497_Irf1_I	-0.2811907386731823	0.4598613381385803	2.8440519915062186e-54	1.703305863044933e-53	0.5889098	0.42544106	0.4353821	-0.37206003
ENSMUSG00000018678_LINE317_Sp2_I	-0.2779604562881221	0.6653030514717102	5.03703850117779e-53	2.98389780776293e-52	0.5755091	0.3591964	0.24686699	-0.5153538
ENSMUSG00000067724_LINE1410_Gbx1_D_N2	-0.2749717920362254	0.6503922343254089	6.953033314347307e-52	4.07462704980568e-51	0.60252786	0.38024583	0.53150326	-1.0181028
ENSMUSG00000005442_LINE1706_Cic_D	0.27219830040556864	0.5916010737419128	7.715707060073432e-51	4.473468455042574e-50	0.36876073	0.56076145	-0.48621273	0.47024065
ENSMUSG00000002249_LINE7609_Tead3_I_N1	-0.27202858263990753	0.5425741076469421	8.931785117067127e-51	5.124024093475352e-50	0.5665001	0.3857932	0.4033129	-0.43321782
ENSMUSG00000034777_LINE1291_Vax2_D	-0.2708786115573464	0.6043108105659485	2.4011715292240406e-50	1.3631650869032313e-49	0.62408537	0.40709218	0.6134857	-0.957035
ENSMUSG00000050100_LINE1371_Hmx2_D	-0.27086150933083686	0.6310396790504456	2.436658383322899e-50	1.369050328774206e-49	0.617541	0.3952101	0.61011076	-0.7317243
ENSMUSG00000043969_LINE1355_Emx2_D	-0.2681407474471577	0.6254236102104187	2.4805062890542485e-49	1.379465232178128e-48	0.6212749	0.39921096	0.5971054	-0.91000247
ENSMUSG00000049295_LINE1480_Zfp219_I	-0.26769422138812254	0.6480609774589539	3.620891562314635e-49	1.9933190923853293e-48	0.5861966	0.37045535	0.41257182	-0.5599286
ENSMUSG00000001517_LINE5830_Foxm1_I_N1	-0.2675150181481844	0.47075754404067993	4.2136215507015764e-49	2.296423745132359e-48	0.5697775	0.4083591	0.3344919	-0.5201691
ENSMUSG00000020453_LINE325_Patz1_I	-0.2666832680417623	0.5928853750228882	8.5032191665416e-49	4.588370738381358e-48	0.57058144	0.37493452	0.38006842	-0.5526696
ENSMUSG00000017491_LINE1585_Rarb_D_N1	0.26611561811459655	0.5110970139503479	1.371090057566355e-48	7.325922366408465e-48	0.41238984	0.5919619	-0.31457967	0.5408848
ENSMUSG00000033863_LINE432_Klf9_D	-0.2657266207980652	0.6039867997169495	1.9008909635403288e-48	1.0058112379897855e-47	0.52800775	0.34397322	0.29570654	-0.50647795
ENSMUSG00000002393_LINE1573_Nr2f6_D_N1	0.2656640501033595	0.45335906744003296	2.0033574308358968e-48	1.0498363459668882e-47	0.4313355	0.5942874	-0.2289192	0.52847296
ENSMUSG00000016458_LINE2218_Wt1_I	-0.2650636829849905	0.7044200897216797	3.313027573949259e-48	1.7196190740974724e-47	0.56476486	0.34272695	0.2520876	-0.5982549
ENSMUSG00000029595_LINE1256_Lhx5_D	-0.26487990029101743	0.6180472373962402	3.863568522387273e-48	1.986457400661381e-47	0.6326695	0.40873277	0.63615125	-0.942365
ENSMUSG00000039656_LINE1628_Rxrb_D_N1	0.2648633523073253	0.5182222127914429	3.917396092910988e-48	1.9953092248939143e-47	0.4215205	0.60801905	-0.32404453	0.53013986
ENSMUSG00000025959_LINE374_Klf7_D	0.26277174182565827	0.5616160035133362	2.2338422309135444e-47	1.1272629776369274e-46	0.38845026	0.5780813	-0.36807758	0.5280289
ENSMUSG00000048450_LINE1363_Msx1_D	-0.2617998620513843	0.6320112943649292	4.98925120293795e-47	2.4946256014689745e-46	0.6196872	0.39632216	0.63800365	-0.8581906
ENSMUSG00000046897_LINE544_Zfp740_D_N3	-0.2602280522102743	0.6354339718818665	1.816896049410927e-46	9.001894062990502e-46	0.5711159	0.36409172	0.44566366	-0.6160586
ENSMUSG00000009734_LINE1475_Pou6f2_I	-0.26019476230012095	0.6304609179496765	1.8671379944224063e-46	9.167479341983885e-46	0.58682865	0.3755334	0.4821898	-0.78008115
ENSMUSG00000079560_LINE1441_Hoxa3_D_N2	-0.2575198781992416	0.6386881470680237	1.6497866174418644e-45	8.027979522373358e-45	0.6094272	0.3878561	0.55396694	-0.7808767
ENSMUSG00000047407_LINE1362_Tgif1_D	0.2568410275010156	0.5291966199874878	2.856355732502628e-45	1.3776228975344535e-44	0.38491774	0.5599158	-0.43898302	0.38238788
ENSMUSG00000003847_LINE1653_Nfat5_I	-0.25614779815131367	0.51453697681427	4.994725071215052e-45	2.3878290910633363e-44	0.51580435	0.35807228	0.2603222	-0.5099916
ENSMUSG00000018263_LINE1793_Tbx5_D	0.2555357642761636	0.5550500154495239	8.16898729333754e-45	3.8380155817835855e-44	0.39800498	0.58944887	-0.40659985	0.47957852
ENSMUSG00000000094_LINE1789_Tbx4_D	0.2555357642761636	0.5550500154495239	8.16898729333754e-45	3.8380155817835855e-44	0.39800498	0.58944887	-0.40659985	0.47957852
ENSMUSG00000033016_LINE1662_Nfatc1_I	-0.25332526285132406	0.47369781136512756	4.77567977105677e-44	2.2245687822443927e-43	0.51652557	0.36915973	0.25604331	-0.4490716
ENSMUSG00000028341_LINE1617_Nr4a3_I	0.25324808111319097	0.47952717542648315	5.077797324929435e-44	2.345253849225883e-43	0.4180504	0.58682495	-0.25294095	0.5198542
ENSMUSG00000039191_LINE2108_Rbpj_I_N3	0.25308314056633285	0.4867670238018036	5.788630558080864e-44	2.6510955076924964e-43	0.40570396	0.57252645	-0.3634131	0.36759728
ENSMUSG00000035923_LINE117_Myf6_D_N1	0.2526238077355917	0.5810279250144958	8.333250391491608e-44	3.7846845528024384e-43	0.39059123	0.5892503	-0.4361883	0.50967085
ENSMUSG00000001288_LINE1567_Rarg_D_N1	0.25048167793394077	0.5269144177436829	4.5133699327933876e-43	2.0328814986548727e-42	0.39838487	0.578419	-0.35692596	0.5326641
ENSMUSG00000032238_LINE1621_Rora_D	0.25005775368602945	0.5228729248046875	6.293093755556698e-43	2.8112590957200002e-42	0.40326303	0.58378196	-0.32286623	0.4811083
ENSMUSG00000026565_LINE1482_Pou2f1_D_N1	-0.24897363320703084	0.5867535471916199	1.4682586457976537e-42	6.505698877721311e-42	0.6091561	0.4022586	0.52367294	-0.896133
ENSMUSG00000023034_LINE6710_Nr4a1_I_N5	0.24894543925657575	0.4256456792354584	1.500884777626421e-42	6.59663067585806e-42	0.44262815	0.59795815	-0.15668805	0.54507667
ENSMUSG00000024986_LINE1216_Hhex_I	0.24857565358920028	0.4765797257423401	2.0018082902256685e-42	8.727884145383914e-42	0.4185971	0.58636755	-0.25084692	0.51777494
ENSMUSG00000068302_LINE1413_Noto_D	-0.24848371036924996	0.5890578031539917	2.1502487903404988e-42	9.300679291552157e-42	0.5997545	0.39535072	0.5279682	-0.7755926
ENSMUSG00000041483_LINE489_Zfp281_D_N1	-0.24788139891889627	0.5940379500389099	3.4330660858044735e-42	1.4732448950893213e-41	0.5735004	0.3765609	0.41484722	-0.6075336
ENSMUSG00000028042_LINE386_Zbtb7b_D	-0.24648403459542068	0.5539520382881165	1.0114990567646223e-41	4.3067733276306186e-41	0.5598844	0.37817773	0.37510693	-0.49990657
ENSMUSG00000022510_LINE6881_Trp63_I_N2	-0.24486649059641272	0.4728052318096161	3.503395418901764e-41	1.4801166692259389e-40	0.62317324	0.44624066	0.87926054	-0.42549118
ENSMUSG00000009739_LINE1170_Pou6f1_D_N2	-0.24475530459500813	0.6203258037567139	3.8144238900693733e-41	1.5991238616060064e-40	0.568521	0.36634183	0.41521484	-0.71699834
ENSMUSG00000028736_LINE1249_Pax7_D	-0.2427798934942019	0.6356894373893738	1.7163618381123465e-40	7.1405893264979295e-40	0.5236827	0.3334959	0.2784326	-0.709661
ENSMUSG00000038236_LINE1314_Hoxa7_D_N2	-0.24157257210596328	0.5232613682746887	4.27477137490487e-40	1.764962423729662e-39	0.62513787	0.43192708	0.56649476	-0.8005378
ENSMUSG00000015846_LINE1581_Rxra_D_N1	0.24009640331440327	0.4499402940273285	1.2956290936094067e-39	5.3091568121588467e-39	0.41972774	0.5770011	-0.28668895	0.44372532
ENSMUSG00000038346_LINE1233_Zfp384_I	-0.23882833752490615	0.4539593458175659	3.338427511617165e-39	1.357793278978623e-38	0.5404173	0.39182478	0.23253313	-0.43658942
ENSMUSG00000027552_LINE994_E2f5_I	-0.23755849236617013	0.4920423924922943	8.565660217201291e-39	3.457988754351632e-38	0.5539314	0.39096528	0.30651778	-0.43678507
ENSMUSG00000025323_LINE369_Sp4_D_N2	-0.23694043373698276	0.5587756633758545	1.352263204262071e-38	5.418995928844329e-38	0.54832166	0.36903232	0.21992905	-0.5463639
ENSMUSG00000035310_LINE968_Lin54_I	-0.23500745560956227	0.48611652851104736	5.591869200066312e-38	2.2245027109752847e-37	0.538366	0.3815028	0.25228214	-0.4725514
ENSMUSG00000042448_LINE1348_Hoxd1_D	-0.2341519427665284	0.5555838346481323	1.0438284790624335e-37	4.122366094848016e-37	0.5972842	0.40318504	0.46878335	-0.871442
ENSMUSG00000026686_LINE1227_Lmx1a_D	-0.23371779072892007	0.5684041976928711	1.431443568168356e-37	5.612494565839956e-37	0.60640067	0.40567738	0.57108736	-0.71689034
ENSMUSG00000039087_LINE476_Rreb1_I	-0.2336589751217826	0.47580069303512573	1.4939360236998172e-37	5.815679520831431e-37	0.57305294	0.4092545	0.32736892	-0.4490116
ENSMUSG00000070691_LINE7301_Runx3_I_N3	0.23319194331753632	0.565399169921875	2.096568747914557e-37	8.04668991277066e-37	0.37575457	0.5608384	-0.4268444	0.7399665
ENSMUSG00000022952_LINE1674_Runx1_D	0.23319194331753632	0.565399169921875	2.096568747914557e-37	8.04668991277066e-37	0.37575457	0.5608384	-0.4268444	0.7399665
ENSMUSG00000037992_LINE1624_Rara_D_N1	0.2328356303356829	0.47734683752059937	2.7137927995492016e-37	1.0342776753526677e-36	0.4113572	0.5766055	-0.28064498	0.5116964
ENSMUSG00000042464_LINE1349_Hoxd4_I	-0.23246647961474448	0.5851022601127625	3.543910576696768e-37	1.3412717113192629e-36	0.56175303	0.37113178	0.34140003	-0.6643516
ENSMUSG00000018604_LINE1794_Tbx3_D	0.23109559756585837	0.4788893163204193	9.509112327306204e-37	3.574114633366814e-36	0.40546635	0.56902313	-0.32052207	0.41845137
ENSMUSG00000017688_LINE1589_Hnf4g_I	0.22958501685020782	0.44417688250541687	2.8005895129409288e-36	1.0454255373649357e-35	0.44051394	0.60294116	-0.21232449	0.4852484
ENSMUSG00000004231_LINE1466_Pax2_D	0.22897865219905097	0.49640190601348877	4.3112638583238666e-36	1.598393743392182e-35	0.39454958	0.5606944	-0.3547215	0.4175013
ENSMUSG00000037279_LINE1220_Ovol2_I	-0.22884717895261944	0.5495733022689819	4.73320765211896e-36	1.7429717367600223e-35	0.49675614	0.33622703	0.23656519	-0.48450345
ENSMUSG00000036144_LINE1302_Meox2_D	-0.22736841172356537	0.4931872487068176	1.347408082706764e-35	4.92843896023615e-35	0.6441269	0.45472693	0.63737166	-0.8869972
ENSMUSG00000020871_LINE1187_Dlx4_D	-0.22702400578653095	0.5441745519638062	1.7173246957105825e-35	6.239613061081783e-35	0.591645	0.40259832	0.40409952	-0.9266494
ENSMUSG00000019768_LINE1592_Esr1_D	0.22655468793318823	0.3979445695877075	2.388550106685782e-35	8.620925881746695e-35	0.4285861	0.5678939	-0.28453174	0.39031515
ENSMUSG00000038765_LINE1320_Lmx1b_D	-0.22373459995628234	0.49862730503082275	1.7071503838801314e-34	6.121032626412313e-34	0.640544	0.45044196	0.6684914	-0.8908872
ENSMUSG00000026610_LINE1613_Esrrg_D	0.22337119118059046	0.34304308891296387	2.1952765422947323e-34	7.819775918631561e-34	0.44968998	0.57308424	-0.14516743	0.4318895
ENSMUSG00000000435_LINE113_Myf5_I_N8	0.2232202397224232	0.5020551681518555	2.436680666591497e-34	8.623317943456921e-34	0.41963398	0.5984604	-0.30205247	0.5162173
ENSMUSG00000000247_LINE1140_Lhx2_D	-0.22118190934584359	0.5548967719078064	9.893501196306689e-34	3.412631741764016e-33	0.60297376	0.4072548	0.52025837	-0.7007645
ENSMUSG00000019230_LINE1183_Lhx9_D	-0.22118190934584359	0.5548967719078064	9.893501196306689e-34	3.412631741764016e-33	0.60297376	0.4072548	0.52025837	-0.7007645
ENSMUSG00000039476_LINE1328_Prrx2_D_N4	-0.22118190934584359	0.5548967719078064	9.893501196306689e-34	3.412631741764016e-33	0.60297376	0.4072548	0.52025837	-0.7007645
ENSMUSG00000041730_LINE5890_Prrxl1_I_N48	-0.22118190934584359	0.5548967719078064	9.893501196306689e-34	3.412631741764016e-33	0.60297376	0.4072548	0.52025837	-0.7007645
ENSMUSG00000023411_LINE7035_Nfatc4_I_N10	-0.21920287553909604	0.41361385583877563	3.8052381708369497e-33	1.296159251941336e-32	0.5055124	0.37701604	0.19395627	-0.4166724
ENSMUSG00000031902_LINE1661_Nfatc3_I	-0.21920287553909604	0.41361385583877563	3.8052381708369497e-33	1.296159251941336e-32	0.5055124	0.37701604	0.19395627	-0.4166724
ENSMUSG00000025602_LINE372_Zfp202_D	-0.21881541604795918	0.49154192209243774	4.945967164236627e-33	1.6742559655335164e-32	0.57435495	0.40563092	0.36945495	-0.44183698
ENSMUSG00000000093_LINE1787_Tbx2_D_N1	0.21860328139252647	0.446927547454834	5.708238896478984e-33	1.9203643201117568e-32	0.41070014	0.5634707	-0.29008567	0.39567006
ENSMUSG00000001280_LINE281_Sp1_D	-0.21816556354418692	0.5472402572631836	7.66907739830913e-33	2.5642007252015185e-32	0.5402971	0.36658368	0.17383842	-0.50957346
ENSMUSG00000026586_LINE1226_Prrx1_D	-0.21753482225937276	0.5175006985664368	1.1723155461537528e-32	3.8958047113036295e-32	0.58510196	0.4057269	0.4160903	-0.8042451
ENSMUSG00000040033_LINE1785_Stat2_I	-0.2164569898366004	0.3409270644187927	2.413487559374887e-32	7.971822544601899e-32	0.5661168	0.4448637	0.2758803	-0.28721485
ENSMUSG00000038253_LINE1315_Hoxa5_D	-0.21638560113848906	0.47974830865859985	2.531373915727239e-32	8.310836048622562e-32	0.62862843	0.4479622	0.56570256	-0.76354206
ENSMUSG00000001493_LINE1146_Meox1_D	-0.21590767365655592	0.5179376006126404	3.481941981807041e-32	1.1363223832843336e-31	0.610006	0.42299324	0.46209958	-0.8340477
ENSMUSG00000000440_LINE1566_Pparg_I	0.21575193450900346	0.4493037164211273	3.8625189864234644e-32	1.2530195521433262e-31	0.43654725	0.5997072	-0.25007987	0.4821313
ENSMUSG00000052942_LINE1545_Glis3_I_N3	-0.2153243768775955	0.4597862958908081	5.132924550820282e-32	1.6552922368029903e-31	0.5703426	0.4119636	0.3396499	-0.39441943
ENSMUSG00000044167_LINE1080_Foxo1_D_N2	-0.21463907166241145	0.3903862535953522	8.086353737459237e-32	2.592389874656049e-31	0.5586777	0.42385858	0.32879314	-0.337216
ENSMUSG00000027544_LINE1659_Nfatc2_I	-0.21382761290552196	0.3847293555736542	1.3822801913495254e-31	4.405512890558429e-31	0.47124937	0.3585998	0.17313306	-0.37595797
ENSMUSG00000012396_LINE1172_Nanog_D	-0.21352003792236457	0.5789808034896851	1.6927921798023457e-31	5.363789174373711e-31	0.58232135	0.38652155	0.49625957	-0.5994258
ENSMUSG00000038418_LINE467_Egr1_D_N3	-0.21236199669202713	0.6385764479637146	3.620180676588724e-31	1.1404615426247713e-30	0.5490167	0.3490824	0.20315295	-0.6916326
ENSMUSG00000048938_LINE6860_Nr1h5_I_N1	0.21179964930126288	0.3623661994934082	5.228066808506838e-31	1.628169377506415e-30	0.4181348	0.54038125	-0.27652445	0.31475878
ENSMUSG00000047638_LINE6853_Nr1h4_I_N1	0.21179964930126288	0.3623661994934082	5.228066808506838e-31	1.628169377506415e-30	0.4181348	0.54038125	-0.27652445	0.31475878
ENSMUSG00000020167_LINE64_Tcf3_D_N3	0.21088461880719225	0.4854995310306549	9.485886606670077e-31	2.9373910230881773e-30	0.41912112	0.5907998	-0.35042128	0.5376011
ENSMUSG00000078236_LINE1487_Pou3f1_D_N2	-0.21026190258424848	0.5254729986190796	1.420588691353621e-30	4.374129021399567e-30	0.6152422	0.4243753	0.5157519	-0.87374955
ENSMUSG00000022556_LINE1490_Hsf1_I	-0.20887821268665993	0.39349624514579773	3.468886315721031e-30	1.0621028326224504e-29	0.54270977	0.41076824	0.20674436	-0.36084518
ENSMUSG00000030551_LINE1618_Nr2f2_D	0.20837125766569303	0.4230690896511078	4.803452811643803e-30	1.4625037890200405e-29	0.41502243	0.5598602	-0.2832796	0.38400635
ENSMUSG00000039153_LINE1675_Runx2_I	0.20813538164131734	0.5042209625244141	5.58728934718098e-30	1.6917070523409078e-29	0.4051218	0.578791	-0.3419678	0.64552575
ENSMUSG00000048756_LINE1085_Foxo3_D	-0.20801759577596957	0.36402201652526855	6.024939656627051e-30	1.7845609309031212e-29	0.5466548	0.42251825	0.24125303	-0.39762035
ENSMUSG00000027833_LINE1241_Shox2_D_N2	-0.20803214247482632	0.5568543672561646	5.9691009709541315e-30	1.7845609309031212e-29	0.606899	0.4093573	0.57846415	-0.7058354
ENSMUSG00000039275_LINE1072_Foxk2_I	-0.20801759577596957	0.36402201652526855	6.024939656627051e-30	1.7845609309031212e-29	0.5466548	0.42251825	0.24125303	-0.39762035
ENSMUSG00000056493_LINE1094_Foxk1_D_N2	-0.20801759577596957	0.36402201652526855	6.024939656627051e-30	1.7845609309031212e-29	0.5466548	0.42251825	0.24125303	-0.39762035
ENSMUSG00000020919_LINE1783_Stat5b_I	-0.20718781788562396	0.33911821246147156	1.0235664734183829e-29	3.015371502773074e-29	0.53797054	0.42318407	0.23944955	-0.28463647
ENSMUSG00000026468_LINE1223_Lhx4_D_N2	-0.2065480511120591	0.48660698533058167	1.5377986287573374e-29	4.5059153369502626e-29	0.6086487	0.43153062	0.51319695	-0.91766036
ENSMUSG00000029026_LINE1639_Trp73_D	-0.20494764645369468	0.41535869240760803	4.2321532616355284e-29	1.2334350414927074e-28	0.6210771	0.46320248	0.8362228	-0.30110618
ENSMUSG00000024955_LINE1608_Esrra_D_N1	0.20392523759235306	0.32528212666511536	8.044843164574706e-29	2.3321486833474545e-28	0.45852467	0.577019	-0.13841473	0.41063628
ENSMUSG00000039521_LINE1073_Foxp3_I	-0.20378217881647642	0.37798574566841125	8.798950203216948e-29	2.497618677475644e-28	0.54142314	0.4143263	0.25537083	-0.3908597
ENSMUSG00000023991_LINE1048_Foxp4_I	-0.20378217881647642	0.37798574566841125	8.798950203216948e-29	2.497618677475644e-28	0.54142314	0.4143263	0.25537083	-0.3908597
ENSMUSG00000003154_LINE1043_Foxj2_D_N2	-0.20378217881647642	0.37798574566841125	8.798950203216948e-29	2.497618677475644e-28	0.54142314	0.4143263	0.25537083	-0.3908597
ENSMUSG00000029563_LINE1049_Foxp2_D	-0.20378217881647642	0.37798574566841125	8.798950203216948e-29	2.497618677475644e-28	0.54142314	0.4143263	0.25537083	-0.3908597
ENSMUSG00000056854_LINE1392_Pou3f4_D	-0.20373857721366526	0.5244996547698975	9.042428319416847e-29	2.553431831130664e-28	0.592241	0.40867805	0.38740307	-0.71634096
ENSMUSG00000042903_LINE1078_Foxo4_D	-0.2031479967334638	0.35805433988571167	1.3079226113470242e-28	3.674318676206846e-28	0.5603505	0.4349966	0.2966991	-0.37229615
ENSMUSG00000001444_LINE1790_Tbx21_I	0.20177003899273285	0.4141831398010254	3.0807434828757518e-28	8.610283067524536e-28	0.4236197	0.5678173	-0.23675981	0.4084646
ENSMUSG00000043219_LINE1351_Hoxa6_D	-0.201403469545928	0.4452541172504425	3.865272020295146e-28	1.0747822709494156e-27	0.6146311	0.4487634	0.48994404	-0.66371804
ENSMUSG00000024560_LINE972_Cxxc1_I	-0.1994593171901264	0.46062710881233215	1.2779723733698056e-27	3.535507327342863e-27	0.5183581	0.37394217	0.22638814	-0.41700578
ENSMUSG00000058756_LINE6865_Thra_I_N2	0.19899962187520537	0.38900330662727356	1.692522176153318e-27	4.635299427153558e-27	0.4299367	0.566092	-0.24112184	0.37974972
ENSMUSG00000021779_LINE6679_Thrb_I_N2	0.19899962187520537	0.38900330662727356	1.692522176153318e-27	4.635299427153558e-27	0.4299367	0.566092	-0.24112184	0.37974972
ENSMUSG00000032228_LINE109_Tcf12_D_N1	0.19892678639989772	0.4893159866333008	1.76945249788727e-27	4.82175805674281e-27	0.40853086	0.5775249	-0.41258124	0.4540866
ENSMUSG00000028150_LINE1616_Rorc_I	0.19857177437457518	0.3855608105659485	2.196972314609672e-27	5.95696473364314e-27	0.4354435	0.5719129	-0.19888842	0.4217954
ENSMUSG00000008496_LINE1472_Pou2f2_D_N1	-0.19585798257050682	0.5278322696685791	1.1333625258449586e-26	3.057834537551992e-26	0.5342199	0.36746883	0.23704696	-0.7060727
ENSMUSG00000022508_LINE341_Bcl6_D_N1	-0.19403116992084019	0.40595048666000366	3.374090280532535e-26	9.058518240838579e-26	0.538133	0.4036973	0.24085188	-0.3339528
ENSMUSG00000030507_LINE1269_Dbx1_D	-0.1938534561799885	0.47289109230041504	3.749692560795921e-26	1.001756100800871e-25	0.6201615	0.4440435	0.56937706	-0.62603664
ENSMUSG00000040891_LINE3490_Foxa3_I_N47	-0.19213355482227393	0.34899595379829407	1.0359088961439328e-25	2.7540016995046016e-25	0.5813257	0.45426777	0.358145	-0.29645017
ENSMUSG00000059552_LINE1640_Trp53_D_N1	0.19037716885748138	0.3846641480922699	2.895425492425177e-25	7.660227637726803e-25	0.43961805	0.57700145	-0.21393272	0.37446174
ENSMUSG00000015843_LINE1580_Rxrg_D	0.1889344516728294	0.3685638904571533	6.6856223192832315e-25	1.7602242338209473e-24	0.42733106	0.5546237	-0.25072786	0.31492302
ENSMUSG00000019982_LINE1529_Myb_D_N1	-0.18768277335041622	0.4103752672672272	1.3743051464100768e-24	3.600943773045634e-24	0.50089514	0.3744116	0.19131549	-0.36066467
ENSMUSG00000052135_LINE1091_Foxo6_D	-0.18666726115951915	0.3387763500213623	2.45678594007358e-24	6.406451374833019e-24	0.55961776	0.4404034	0.29297394	-0.34677356
ENSMUSG00000002250_LINE1572_Ppard_I	0.18657442369579613	0.30428460240364075	2.5903533923554106e-24	6.722583803969993e-24	0.44961298	0.55753297	-0.17944247	0.27914587
ENSMUSG00000038718_LINE1318_Pbx3_I	-0.18653988822015644	0.37961024045944214	2.6418541629464826e-24	6.823746534624801e-24	0.5268328	0.40263397	0.13541998	-0.382057
ENSMUSG00000001661_LINE1154_Hoxc6_D	-0.1860634465651411	0.4267203211784363	3.464891621323617e-24	8.907386479346092e-24	0.602602	0.44574594	0.48185593	-0.6819408
ENSMUSG00000026398_LINE1611_Nr5a2_D_N1	0.18590088734822688	0.29613471031188965	3.800171894681781e-24	9.7234445192562e-24	0.4532898	0.5588505	-0.12464045	0.35789382
ENSMUSG00000034998_LINE2806_Foxn2_I_N8	-0.185159731306206	0.3374290466308594	5.7839619376225096e-24	1.4661670958159384e-23	0.55537695	0.43746784	0.2755012	-0.33809423
ENSMUSG00000032998_LINE1051_Foxj3_D_N3	-0.185159731306206	0.3374290466308594	5.7839619376225096e-24	1.4661670958159384e-23	0.55537695	0.43746784	0.2755012	-0.33809423
ENSMUSG00000018143_LINE177_Mafk_D	-0.18423529488241044	0.3726860284805298	9.742816954547084e-24	2.4582570556611853e-23	0.5375877	0.41292563	0.2071354	-0.32740432
ENSMUSG00000031965_LINE1799_Tbx20_D	0.1839418207833255	0.3603273630142212	1.1490203059320024e-23	2.885788325958255e-23	0.43307662	0.5587851	-0.24868605	0.29500288
ENSMUSG00000021604_LINE1196_Irx4_D	-0.182916071534179	0.44419026374816895	2.0407605991327443e-23	5.10190149783186e-23	0.56452876	0.41227677	0.32009202	-0.5082277
ENSMUSG00000022809_LINE1605_Nr1i2_I	0.18258882608902674	0.31944653391838074	2.4494617774756448e-23	6.095692551252175e-23	0.45179236	0.5662484	-0.106539965	0.37414503
ENSMUSG00000000942_LINE1144_Hoxa4_D	-0.18255590547955722	0.4856318235397339	2.4948117358221937e-23	6.180329072832253e-23	0.5867874	0.41621616	0.40399066	-0.6085008
ENSMUSG00000060601_LINE1635_Nr1h2_I	0.18238679737989152	0.3607807755470276	2.741194436604666e-23	6.72950886463758e-23	0.43763894	0.56482244	-0.16611752	0.38287297
ENSMUSG00000002108_LINE1571_Nr1h3_I	0.18238679737989152	0.3607807755470276	2.741194436604666e-23	6.72950886463758e-23	0.43763894	0.56482244	-0.16611752	0.38287297
ENSMUSG00000038151_LINE465_Prdm1_I	-0.18220455926257342	0.2855399250984192	3.0337034827612353e-23	7.414208063250552e-23	0.53395486	0.43627933	0.23346482	-0.18471336
ENSMUSG00000029135_LINE202_Fosl2_D	0.1816551328542957	0.40268826484680176	4.115748815924165e-23	1.0013763860172634e-22	0.3943488	0.52453655	-0.35634202	0.2518645
ENSMUSG00000025912_LINE1535_Mybl1_D	-0.18063701220122538	0.40851983428001404	7.22480086904908e-23	1.7500073216141103e-22	0.50271034	0.3762739	0.21746103	-0.3450533
ENSMUSG00000015709_LINE54_Arnt2_D	0.1805629073954076	0.37497007846832275	7.525873114952496e-23	1.814867631703146e-22	0.4401684	0.5737841	-0.19027148	0.42738438
ENSMUSG00000005583_LINE1508_Mef2c_I	-0.178489570911986	0.3128490447998047	2.3418335267264333e-22	5.6224637535943e-22	0.5525383	0.44287163	0.2830043	-0.1906912
ENSMUSG00000016477_LINE989_E2f3_D_N1	-0.1768009486314207	0.392570436000824	5.843595519301372e-22	1.3968243675523016e-21	0.52593076	0.3982566	0.1709191	-0.36912733
ENSMUSG00000030067_LINE1050_Foxp1_D	-0.17513105257382056	0.3378152847290039	1.4306267551367315e-21	3.404766731657287e-21	0.5687741	0.4479484	0.33077726	-0.29180396
ENSMUSG00000038700_LINE1317_Hoxb5_D	-0.175074722524798	0.4126053750514984	1.4742668004479033e-21	3.493371331496119e-21	0.60079944	0.4488725	0.42759842	-0.60065866
ENSMUSG00000034551_LINE1289_Hdx_D	-0.17465879750818952	0.32679784297943115	1.839908740930023e-21	4.3409102329301405e-21	0.49089468	0.38936543	0.036026888	-0.4042491
ENSMUSG00000028201_LINE1244_Lhx8_D_N2	-0.17309150968175607	0.35593509674072266	4.219222362443944e-21	9.911535291085989e-21	0.49036	0.38096282	-0.01152502	-0.5064896
ENSMUSG00000032446_LINE1801_Eomes_D	0.1727202692370571	0.3625998795032501	5.1299491440195664e-21	1.1999237268200273e-20	0.43015406	0.55592406	-0.2606754	0.28237548
ENSMUSG00000017861_LINE1526_Mybl2_D	-0.17203975006462496	0.3665931522846222	7.33188115534771e-21	1.7076389870361118e-20	0.49067682	0.37833092	0.15528403	-0.35458025
ENSMUSG00000038539_LINE592_Atf5_I_N2	0.17163286414844314	0.3926173150539398	9.07084961544658e-21	2.103665123582292e-20	0.411177	0.54290974	-0.21693535	0.48246142
ENSMUSG00000001657_LINE1153_Hoxc8_D	-0.17117370324031286	0.40117913484573364	1.1526112422030416e-20	2.66175053813838e-20	0.6079139	0.4579086	0.4728011	-0.5541398
ENSMUSG00000035277_LINE1294_Arx_D_N1	-0.17068976867251393	0.45007702708244324	1.4825784311685785e-20	3.40930483116825e-20	0.6111882	0.44471207	0.540328	-0.56623524
ENSMUSG00000020538_LINE66_Srebf1_D_N2	0.1691407137627418	0.3964950442314148	3.302441416522167e-20	7.562313327750339e-20	0.4173157	0.55247825	-0.28752735	0.31015906
ENSMUSG00000023994_LINE941_Nfya_I	-0.16912696877724326	0.3165768086910248	3.325880508462188e-20	7.584120824735952e-20	0.51319146	0.41010857	0.106892966	-0.32889357
ENSMUSG00000004661_LINE10_Arid3b_D	-0.1685581645333379	0.437527060508728	4.45438290135601e-20	1.0115161171829273e-19	0.5836231	0.42833084	0.41234344	-0.43480745
ENSMUSG00000014303_LINE308_Glis2_D	-0.16824754232892658	0.4048718214035034	5.2226377761791536e-20	1.1810529410861571e-19	0.52383214	0.39320523	0.21797684	-0.36980543
ENSMUSG00000026628_LINE193_Atf3_D_N2	0.1680682363477467	0.3749004602432251	5.724255488746993e-20	1.2891401823831036e-19	0.40219593	0.5245151	-0.3248705	0.25206324
ENSMUSG00000014704_LINE1175_Hoxa2_D_N2	-0.16798680691265497	0.4110305607318878	5.967498948764409e-20	1.3383896819245277e-19	0.57768196	0.43198735	0.37839362	-0.6070157
ENSMUSG00000038721_LINE1319_Hoxb7_D	-0.16712990925454993	0.40582534670829773	9.234897116269122e-20	2.062712675560111e-19	0.6033666	0.4529718	0.42021975	-0.59314543
ENSMUSG00000033713_LINE2782_Foxn3_I_N4	-0.16685527728232186	0.30305132269859314	1.0616918092346652e-19	2.361722596052622e-19	0.54633653	0.44093096	0.22927007	-0.31330577
ENSMUSG00000027168_LINE1468_Pax6_D	-0.16640738934886504	0.45947176218032837	1.3321502491040978e-19	2.9513084787062326e-19	0.5811074	0.41988432	0.44642138	-0.48142794
ENSMUSG00000026890_LINE1232_Lhx6_D	-0.16526285083201311	0.48337653279304504	2.372235227309688e-19	5.234284206007206e-19	0.55764264	0.39603567	0.34481338	-0.5344068
ENSMUSG00000024561_LINE973_Mbd1_D	-0.16339102825672103	0.32874518632888794	6.041697754929968e-19	1.3277118050148519e-18	0.52225894	0.41379985	0.1574999	-0.2985182
ENSMUSG00000056648_LINE1391_Hoxb8_D	-0.16235135902753783	0.4242022931575775	1.0106610081086093e-18	2.2120893550971568e-18	0.6001361	0.44470435	0.42050734	-0.53921294
ENSMUSG00000021255_LINE1599_Esrrb_D_N3	0.16116260895172496	0.28762882947921753	1.812563122414513e-18	3.951387606863638e-18	0.44968152	0.55110216	-0.1706999	0.27995062
ENSMUSG00000003282_LINE289_Plag1_I	-0.16066786754802867	0.4153229594230652	2.3083902837443885e-18	5.012241851158134e-18	0.54160154	0.4036193	0.21138403	-0.39013186
ENSMUSG00000026491_LINE29_Ahctf1_D	-0.1604722487722845	0.21813024580478668	2.5394554889859244e-18	5.49207635514813e-18	0.5484655	0.47010097	0.31166002	-0.045348182
ENSMUSG00000043099_LINE505_Hic1_D_N2	-0.1591861276529595	0.33923104405403137	4.740729586485134e-18	1.021224357563003e-17	0.5270482	0.41451645	0.21078008	-0.2736974
ENSMUSG00000037621_LINE124_Atoh8_I	0.1582523639909081	0.38584989309310913	7.434848688356744e-18	1.5952726516356005e-17	0.42216727	0.55468243	-0.23599277	0.38228586
ENSMUSG00000055435_LINE664_Maf_I_N4	0.15800382884882375	0.32626283168792725	8.377012847385445e-18	1.790381177186301e-17	0.41749734	0.52597964	-0.2563521	0.22956675
ENSMUSG00000029705_LINE1260_Cux1_D	0.15712508121783603	0.41834279894828796	1.275350603665612e-17	2.7151018710849942e-17	0.38267195	0.5147635	-0.40111083	0.21822159
ENSMUSG00000033249_LINE1491_Hsf4_I	-0.15710571503897205	0.32229265570640564	1.2871843099745685e-17	2.7296320970277813e-17	0.52677125	0.41930848	0.18191858	-0.2757898
ENSMUSG00000079509_LINE916_Zfx_D_N1	0.15694869660924937	0.29759612679481506	1.3872153043568089e-17	2.930357910366127e-17	0.45051903	0.5560215	-0.123431884	0.3426787
ENSMUSG00000018983_LINE991_E2f2_D	-0.15562962946652523	0.3440096378326416	2.5934582759476102e-17	5.457277067148446e-17	0.5049817	0.39572763	0.13824129	-0.33569568
ENSMUSG00000042406_LINE225_Atf4_D_N1	-0.15535367977645423	0.36542803049087524	2.954129942541851e-17	6.192310841097342e-17	0.5225991	0.40342396	0.2515298	-0.2699022
ENSMUSG00000000317_LINE277_Bcl6b_D	-0.15189809986842442	0.28210046887397766	1.4787657490819818e-16	3.087844188696092e-16	0.5321877	0.43589124	0.17882663	-0.24545531
ENSMUSG00000037868_LINE463_Egr2_D_N2	-0.1517844812708014	0.5154796838760376	1.558206895840331e-16	3.2413082375304594e-16	0.52668244	0.36544174	0.1460274	-0.5507945
ENSMUSG00000035158_LINE115_Mitf_D	0.1508717591077009	0.30683186650276184	2.368955921548046e-16	4.909053145413251e-16	0.4528761	0.5625723	-0.15853482	0.34291923
ENSMUSG00000053477_LINE153_Tcf4_D	0.1498971853235083	0.3867575526237488	3.6947403003066655e-16	7.627399483587623e-16	0.42862922	0.56348646	-0.30657864	0.37121657
ENSMUSG00000004043_LINE1782_Stat5a_I	-0.14795664691900717	0.24123096466064453	8.874491261838718e-16	1.8251312217743777e-15	0.52638566	0.44379467	0.15762514	-0.22747399
ENSMUSG00000057895_LINE676_Zfp105_D	-0.147744021055579	0.22293534874916077	9.761920550716666e-16	2.000092744413753e-15	0.58297145	0.49806997	0.3345502	-0.08096376
ENSMUSG00000033454_LINE428_Zbtb1_D	-0.144906534704745	0.30099207162857056	3.4365877767914803e-15	7.014757821540662e-15	0.5107193	0.41266474	0.1399241	-0.27224788
ENSMUSG00000026826_LINE1615_Nr4a2_D	0.14481179613394363	0.2617190480232239	3.582546574733568e-15	7.285402549364905e-15	0.45054772	0.5421536	-0.11660283	0.27801403
ENSMUSG00000026663_LINE196_Atf6_I	0.14369753675790312	0.27250662446022034	5.831191708312766e-15	1.1770368448260953e-14	0.42536604	0.5158807	-0.22574542	0.17973563
ENSMUSG00000015461_LINE174_Atf6b_I	0.14369753675790312	0.27250662446022034	5.831191708312766e-15	1.1770368448260953e-14	0.42536604	0.5158807	-0.22574542	0.17973563
ENSMUSG00000071262_LINE33_Zfp957_I	-0.14009243686891928	0.23290027678012848	2.7475540442636286e-14	5.5255238159545296e-14	0.514727	0.43650204	0.14403221	-0.2030508
ENSMUSG00000020484_LINE179_Xbp1_D_N1	0.13907937123226305	0.30931439995765686	4.2170945114372044e-14	8.449693046813516e-14	0.4106711	0.5112614	-0.31253093	0.14558251
ENSMUSG00000002147_LINE1780_Stat6_D	-0.13728320829507723	0.232457235455513	8.94475657469461e-14	1.785674847329144e-13	0.5418503	0.4597261	0.21277283	-0.14954521
ENSMUSG00000075394_LINE1433_Hoxc4_D	-0.13554287672572796	0.4054916799068451	1.8361328442719295e-13	3.652162044263509e-13	0.57053626	0.42829266	0.32963425	-0.47374883
ENSMUSG00000019878_LINE1489_Hsf2_I	-0.13404728656961865	0.24265165627002716	3.381599413773672e-13	6.701715201842368e-13	0.5127024	0.43178308	0.16269961	-0.17066298
ENSMUSG00000019564_LINE13_Arid3a_D_N3	-0.1335400676362749	0.3428940773010254	4.153358717147889e-13	8.201378626252171e-13	0.5969109	0.4685238	0.42515898	-0.24562018
ENSMUSG00000051910_LINE1750_Sox6_D_N1	-0.13352258749231136	0.26947855949401855	4.182829274187523e-13	8.229754348130687e-13	0.51816237	0.42817372	0.10345101	-0.2897893
ENSMUSG00000004842_LINE1469_Pou1f1_D_N3	-0.131445329453165	0.3771894872188568	9.62750897405616e-13	1.887407334841945e-12	0.5507949	0.4217762	0.29007223	-0.5184096
ENSMUSG00000041287_LINE1736_Sox15_D	-0.13133569619225996	0.21927209198474884	1.005690118205007e-12	1.964520123375372e-12	0.5021873	0.42996827	0.09100948	-0.23186655
ENSMUSG00000031706_LINE1668_Rfx1_D	-0.12990304098318972	0.22565360367298126	1.7727578620380004e-12	3.4505465528953936e-12	0.5430054	0.46293435	0.22339706	-0.12936597
ENSMUSG00000034957_LINE212_Cebpa_D	-0.12923288432134644	0.3103759288787842	2.3061276828296573e-12	4.472738744278161e-12	0.53060794	0.4259633	0.28924116	-0.19824539
ENSMUSG00000051510_LINE237_Mafg_D	0.12920090878027055	0.27324554324150085	2.3351733813404258e-12	4.513012385923872e-12	0.43082544	0.52274793	-0.21786904	0.19471174
ENSMUSG00000063972_LINE1636_Nr6a1_I	0.12872701332559616	0.2477002590894699	2.8101101372832263e-12	5.411696200775118e-12	0.46017206	0.5482414	-0.09743006	0.27335915
ENSMUSG00000046711_LINE73_Hmga1_I_N2	0.12858205317002677	0.15076465904712677	2.9734418136723614e-12	5.686055398075218e-12	0.4834402	0.53779644	-0.016867224	0.2240178
ENSMUSG00000056758_LINE31_Hmga2_D	0.12858205317002677	0.15076465904712677	2.9734418136723614e-12	5.686055398075218e-12	0.4834402	0.53779644	-0.016867224	0.2240178
ENSMUSG00000059689_LINE696_Zfp637_D	0.12698244007777185	0.26014024019241333	5.523116909972098e-12	1.052482068508669e-11	0.45397428	0.54565334	-0.10325974	0.29742244
ENSMUSG00000034271_LINE208_Jdp2_D_N2	0.1245030785951527	0.30587416887283325	1.4203604275372348e-11	2.6972001150097318e-11	0.42810053	0.5315656	-0.24050133	0.24558698
ENSMUSG00000033730_LINE430_Egr3_D_N1	-0.12356801132944008	0.4670559763908386	2.0184732306483526e-11	3.81968024549775e-11	0.51004845	0.3662235	0.10232161	-0.56809676
ENSMUSG00000028466_LINE1467_Creb3_I_N1	0.12346800388737153	0.33807694911956787	2.095458281890331e-11	3.9380164263111394e-11	0.38877305	0.49407724	-0.32536578	0.26517665
ENSMUSG00000035041_LINE213_Creb3l3_I	0.12346800388737153	0.33807694911956787	2.095458281890331e-11	3.9380164263111394e-11	0.38877305	0.49407724	-0.32536578	0.26517665
ENSMUSG00000023932_LINE1532_Cdc5l_I	-0.12257722374954265	0.27529177069664	2.920778991488467e-11	5.470187458285961e-11	0.52211237	0.42967552	0.16529559	-0.24636604
ENSMUSG00000040310_LINE1330_Alx4_D_N1	-0.12215499121348572	0.36921006441116333	3.4158458325816074e-11	6.375465680674575e-11	0.5994166	0.46181417	0.47733912	-0.37885997
ENSMUSG00000024927_LINE1656_Rela_D_N1	-0.12213406916516253	0.14587043225765228	3.442402701178624e-11	6.403104000485837e-11	0.3773758	0.3401234	-0.048909776	-0.314917
ENSMUSG00000025498_LINE1499_Irf7_D	-0.12159068994007426	0.190887913107872	4.207415404766439e-11	7.799460529243909e-11	0.5205336	0.45478266	0.16320483	-0.13752967
ENSMUSG00000029556_LINE1254_Hnf1a_D_N2	-0.12103597900634205	0.319956511259079	5.15929614162772e-11	9.531581007413924e-11	0.5282634	0.4211996	0.21728294	-0.2545265
ENSMUSG00000022479_LINE1604_Vdr_D	0.11940040459863731	0.22014595568180084	9.363274372415212e-11	1.7239812611372602e-10	0.46281648	0.54076093	-0.06894483	0.25263
ENSMUSG00000020037_LINE1665_Rfx4_D	-0.11878308304899392	0.18572266399860382	1.1700891697479742e-10	2.1471333249584038e-10	0.51619375	0.45263407	0.18891907	-0.100520715
ENSMUSG00000047143_LINE4019_Dmrta2_I_N3	-0.1167798994458854	0.2586025595664978	2.3927645412968466e-10	4.3760291107610113e-10	0.50763786	0.42269203	0.10498456	-0.26247156
ENSMUSG00000063060_LINE1759_Sox7_D	-0.11520821265044964	0.19409659504890442	4.1593164230554406e-10	7.581362710920453e-10	0.51117915	0.44557318	0.104766995	-0.1740749
ENSMUSG00000004040_LINE1781_Stat3_D	-0.11318390949429138	0.18754297494888306	8.386721562956961e-10	1.5235877506038479e-09	0.5240842	0.4589793	0.1398842	-0.15779392
ENSMUSG00000041540_LINE1737_Sox5_D_N2	-0.11263348819910157	0.20237137377262115	1.0127277733251782e-09	1.8289882324203866e-09	0.47734472	0.41356143	0.07329198	-0.22243349
ENSMUSG00000035033_LINE1802_Tbr1_D	0.11263127429513774	0.24699611961841583	1.0134943966806546e-09	1.8289882324203866e-09	0.44204232	0.5264538	-0.18692276	0.1729468
ENSMUSG00000001419_LINE6419_Mef2d_I_N14	0.11257974109997772	0.20897403359413147	1.0314997986145094e-09	1.8553379216003554e-09	0.46552756	0.5396461	-0.039453525	0.29360974
ENSMUSG00000043602_LINE511_Zfp3_D	-0.11249584998536037	0.23643279075622559	1.0614797357574864e-09	1.902981763117862e-09	0.53299946	0.45092052	0.17386295	-0.17996474
ENSMUSG00000005148_LINE292_Klf5_I	0.11119618693697954	0.20815083384513855	1.6501260719475405e-09	2.9485859318406873e-09	0.44433498	0.51485074	-0.14889434	0.15973249
ENSMUSG00000062939_LINE1786_Stat4_D	-0.11077016551086656	0.18741172552108765	1.9048073017866896e-09	3.392548952528581e-09	0.5189908	0.45454904	0.1388507	-0.15666881
ENSMUSG00000040929_LINE1671_Rfx3_D_N1	-0.11052662065287149	0.1738271713256836	2.0671918310835022e-09	3.669770514464198e-09	0.519867	0.45972067	0.15271461	-0.10586221
ENSMUSG00000007805_LINE47_Twist2_D	0.1098896430391967	0.2593971788883209	2.558269040324832e-09	4.5121573688577135e-09	0.42795187	0.5142189	-0.2209578	0.15853313
ENSMUSG00000028417_LINE214_Tal2_I_N1	0.1098896430391967	0.2593971788883209	2.558269040324832e-09	4.5121573688577135e-09	0.42795187	0.5142189	-0.2209578	0.15853313
ENSMUSG00000037465_LINE1224_Klf10_I	0.1096301044698277	0.23109018802642822	2.789412770672693e-09	4.903967612956831e-09	0.457719	0.53897184	-0.15895127	0.19166702
ENSMUSG00000024206_LINE1666_Rfx2_D_N1	-0.10935686865914615	0.19498944282531738	3.054699134025471e-09	5.335932782191928e-09	0.52763337	0.45966536	0.2324108	-0.079698734
ENSMUSG00000057173_LINE1673_Rfx8_I	-0.10935686865914615	0.19498944282531738	3.054699134025471e-09	5.335932782191928e-09	0.52763337	0.45966536	0.2324108	-0.079698734
ENSMUSG00000048349_LINE6338_Pou4f1_I_N4	-0.10920575535139429	0.3084644377231598	3.2117981990168523e-09	5.59242817400698e-09	0.52226925	0.41980785	0.18359052	-0.26548153
ENSMUSG00000025225_LINE1658_Nfkb2_I	-0.10784514433007726	0.14235202968120575	5.02958047799089e-09	8.729685861481003e-09	0.41100955	0.37145185	-0.0062943026	-0.2484237
ENSMUSG00000055116_LINE154_Arntl_D	0.10724744142154372	0.23449981212615967	6.114312499925345e-09	1.0578731150664487e-08	0.4557841	0.53799444	-0.13756995	0.2316459
ENSMUSG00000015605_LINE1509_Srf_D	-0.105866977592577	0.22695688903331757	9.560719866101596e-09	1.6489216224763828e-08	0.51505077	0.4386219	0.1659263	-0.14941423
ENSMUSG00000027102_LINE1236_Hoxd8_D	-0.10504658962063475	0.33238354325294495	1.243687875987245e-08	2.1382015533534656e-08	0.5528782	0.43705094	0.2292892	-0.41025567
ENSMUSG00000020275_LINE1654_Rel_I	-0.10397551196682636	0.14620335400104523	1.7479958459591344e-08	2.995779044175246e-08	0.3831047	0.34521937	0.044539098	-0.22631475
ENSMUSG00000015522_LINE52_Arnt_D_N2	0.10365854639046938	0.24326203763484955	1.9319980554829742e-08	3.30074902895994e-08	0.44358167	0.5268892	-0.17735063	0.18075614
ENSMUSG00000036139_LINE1300_Hoxc9_D_N1	-0.10344431505422473	0.2873997092247009	2.0668651265501305e-08	3.520129668655691e-08	0.60220295	0.49162534	0.42508894	-0.3132058
ENSMUSG00000040489_LINE1733_Sox30_D	-0.10259554014615849	0.21565741300582886	2.6967672042429526e-08	4.5786234464561036e-08	0.48031345	0.41223523	0.04165425	-0.27349424
ENSMUSG00000071661_LINE810_Zbtb3_D	0.10117209391978116	0.22250455617904663	4.193097610109229e-08	7.097013035743881e-08	0.46574727	0.5450816	-0.10929127	0.22057647
ENSMUSG00000028634_LINE1075_Hivep3_I_N1	-0.10101432396688048	0.10679598152637482	4.401721424354484e-08	7.381348234686751e-08	0.43227533	0.40071818	0.016773107	-0.1556041
ENSMUSG00000015501_LINE829_Hivep2_I_N1	-0.10101432396688048	0.10679598152637482	4.401721424354484e-08	7.381348234686751e-08	0.43227533	0.40071818	0.016773107	-0.1556041
ENSMUSG00000021366_LINE333_Hivep1_I	-0.10101432396688048	0.10679598152637482	4.401721424354484e-08	7.381348234686751e-08	0.43227533	0.40071818	0.016773107	-0.1556041
ENSMUSG00000029771_LINE1501_Irf5_D	-0.09924138906831968	0.21004553139209747	7.558168264315301e-08	1.263558804923877e-07	0.47501448	0.40929982	0.03038213	-0.26132482
ENSMUSG00000048387_LINE564_Osr1_D	0.09920473368689627	0.1569146066904068	7.642382317843514e-08	1.2737303863072523e-07	0.45204088	0.50512946	-0.16623758	0.06381189
ENSMUSG00000031627_LINE1502_Irf2_D	-0.0973444095894723	0.13221698999404907	1.3341868790543406e-07	2.2168653935506572e-07	0.4897392	0.44597617	0.04151394	-0.16282736
ENSMUSG00000022463_LINE76_Srebf2_D	0.09648810177553843	0.24734532833099365	1.718418204440965e-07	2.8466198219462795e-07	0.42942664	0.5116086	-0.19691162	0.15215227
ENSMUSG00000001497_LINE1643_Pax9_I	0.09561230067510053	0.2028445303440094	2.2211742613862233e-07	3.668302946834823e-07	0.44838756	0.51758826	-0.10875165	0.18568815
ENSMUSG00000029249_LINE1131_Rest_I_N10	0.09558700671955202	0.16778701543807983	2.2376239385484562e-07	3.6843052764619596e-07	0.46393794	0.5223906	-0.12389729	0.12061418
ENSMUSG00000000861_LINE755_Bcl11a_I	-0.09507404835377946	0.18003402650356293	2.597758046458522e-07	4.251585991951635e-07	0.50190127	0.44184613	0.024917413	-0.21628173
ENSMUSG00000048251_LINE1408_Bcl11b_I	-0.09507404835377946	0.18003402650356293	2.597758046458522e-07	4.251585991951635e-07	0.50190127	0.44184613	0.024917413	-0.21628173
ENSMUSG00000024548_LINE28_Setbp1_D	-0.09491440648755758	0.2227969616651535	2.7208296151248414e-07	4.4396770665959235e-07	0.49396652	0.42185017	0.13559435	-0.17882219
ENSMUSG00000028717_LINE236_Tal1_I_N4	0.09475862094958912	0.25339436531066895	2.846343651911472e-07	4.6306187769903056e-07	0.454604	0.54381186	-0.19539098	0.20872365
ENSMUSG00000038648_LINE216_Creb3l2_D_N1	0.09271330066142917	0.17887118458747864	5.111994431784102e-07	8.291776682506951e-07	0.48057756	0.54533273	-0.027985819	0.26525936
ENSMUSG00000052414_LINE238_Atf7_D	0.09237273221980986	0.23800814151763916	5.628880493864531e-07	9.103085665151838e-07	0.41948435	0.49651808	-0.22935857	0.17323394
ENSMUSG00000026104_LINE1784_Stat1_I	-0.09080794776023919	0.10211988538503647	8.724585654756518e-07	1.4067749058705035e-06	0.50837946	0.47295496	0.055296578	-0.09534687
ENSMUSG00000038692_LINE1316_Hoxb4_D	-0.09037575941111001	0.32627230882644653	9.834860276945596e-07	1.5811206049956785e-06	0.5413548	0.42975765	0.22696707	-0.3908615
ENSMUSG00000037674_LINE1669_Rfx7_D_N2	-0.09010634222253867	0.14679238200187683	1.0594479718304296e-06	1.6982327783752475e-06	0.5108793	0.4604876	0.1323088	-0.08551973
ENSMUSG00000032368_LINE426_Zic1_D	0.0895442833158397	0.18420115113258362	1.2365000971534446e-06	1.97622449545052e-06	0.4728471	0.5386049	-0.090710156	0.17821184
ENSMUSG00000026638_LINE1500_Irf6_D	-0.08912515295548161	0.18804214894771576	1.386703137622928e-06	2.2098047076154845e-06	0.47122213	0.41241494	0.0280801	-0.23073389
ENSMUSG00000028163_LINE1660_Nfkb1_I	-0.08906533760694899	0.09701089560985565	1.4095195276108283e-06	2.239615575941404e-06	0.36478898	0.34041575	-0.058160495	-0.24547262
ENSMUSG00000004872_LINE1467_Pax3_I	0.08893495131330657	0.1841660439968109	1.460512142710968e-06	2.3138927842368534e-06	0.457463	0.52111274	-0.06449318	0.19438425
ENSMUSG00000005373_LINE126_Mlxipl_I_N1	0.08864890783255534	0.19396759569644928	1.5786648107659078e-06	2.493832817007014e-06	0.45414227	0.5209348	-0.11543969	0.1850829
ENSMUSG00000024431_LINE1607_Nr3c1_D	0.0875087860800041	0.21866536140441895	2.1474868411182405e-06	3.3826021052295984e-06	0.44890773	0.524011	-0.140705	0.19576219
ENSMUSG00000037034_LINE6992_Pax1_I_N8	0.08707252865319454	0.1797230988740921	2.413436518020213e-06	3.7796635124167125e-06	0.47094727	0.53475285	-0.061624717	0.20106648
ENSMUSG00000026976_LINE6964_Pax8_I_N8	0.08707252865319454	0.1797230988740921	2.413436518020213e-06	3.7796635124167125e-06	0.47094727	0.53475285	-0.061624717	0.20106648
ENSMUSG00000004328_LINE324_Hif3a_I_N1	-0.08518891002376022	0.2274697870016098	3.970365306989622e-06	6.20014066564282e-06	0.51492804	0.43835762	0.096828565	-0.23117931
ENSMUSG00000026572_LINE1795_Tbx19_I	0.08462350334235028	0.1888052374124527	4.601083535157488e-06	7.164544361888088e-06	0.4532409	0.518011	-0.13439375	0.14805447
Q8K439_MOUSE_LINE3877_Zfp263_I_N1	0.08288754200152537	0.17399577796459198	7.193770955602309e-06	1.1138082871600166e-05	0.45109913	0.5102023	-0.1464957	0.087290436
ENSMUSG00000022529_LINE344_Zfp263_D	0.08288754200152537	0.17399577796459198	7.193770955602309e-06	1.1138082871600166e-05	0.45109913	0.5102023	-0.1464957	0.087290436
ENSMUSG00000022346_LINE75_Myc_D	0.08194523988447998	0.19570080935955048	9.135703605154457e-06	1.4104698200592576e-05	0.48188615	0.5533475	0.01005971	0.31658337
ENSMUSG00000075595_LINE855_Zfp652_D	-0.0810034024956573	0.19940246641635895	1.1571032476202977e-05	1.78141601681656e-05	0.51592493	0.44803393	0.15618902	-0.15474688
ENSMUSG00000002983_LINE7015_Relb_I	-0.0805547615352048	0.08353500068187714	1.2938140669226947e-05	1.9862779337263906e-05	0.4082737	0.38474262	-0.012480044	-0.16529451
ENSMUSG00000034762_LINE442_Glis1_I	-0.08027415907450858	0.20313946902751923	1.3870079323265534e-05	2.1233688851628413e-05	0.5099056	0.44162023	0.12458723	-0.16912042
ENSMUSG00000068267_LINE946_Cenpb_I	-0.07891778384516787	0.17335918545722961	1.935156215028282e-05	2.954230076163624e-05	0.5112722	0.4522514	0.12578745	-0.1187179
ENSMUSG00000025821_LINE373_Zfp282_I	-0.07772711252514387	0.15042613446712494	2.5810939282979827e-05	3.929318969056984e-05	0.5072991	0.45607838	0.09215611	-0.13541235
ENSMUSG00000003184_LINE1496_Irf3_D	-0.07753691107876061	0.1410866528749466	2.7016130335215592e-05	4.101334549496518e-05	0.5003874	0.45283756	0.100115016	-0.11954608
ENSMUSG00000024176_LINE1713_Sox8_D	-0.07739175188467819	0.13028287887573242	2.7971701302702082e-05	4.2346047805479536e-05	0.46109337	0.42041552	-0.00085163116	-0.19409385
ENSMUSG00000059824_LINE252_Dbp_D_N2	-0.07710102122966041	0.2048400640487671	2.998298529674961e-05	4.52651717083893e-05	0.5207276	0.45047775	0.19375445	-0.11808318
ENSMUSG00000014030_LINE1644_Pax5_I	0.07689064009527363	0.16680485010147095	3.152328370034451e-05	4.7459087338916455e-05	0.4589759	0.5164581	-0.11734879	0.12696971
ENSMUSG00000033006_LINE1725_Sox10_D_N1	-0.07616555725472202	0.14464253187179565	3.74280224817279e-05	5.619358747256668e-05	0.48858505	0.44102177	0.03645668	-0.16828164
ENSMUSG00000075028_LINE1561_Prdm11_D	-0.07590015788401448	0.16435962915420532	3.9840746966966774e-05	5.965166784889256e-05	0.47462305	0.42244104	0.0083948085	-0.23130687
ENSMUSG00000003051_LINE1001_Elf3_D_N2	-0.07465891042177275	0.12377756834030151	5.321831532694172e-05	7.946296398132394e-05	0.51586765	0.4726315	0.103522584	-0.07212712
ENSMUSG00000022485_LINE1206_Hoxc5_D	0.07447361447231314	0.002870971569791436	5.554794335084337e-05	8.27148336781684e-05	0.5016119	0.502631	0.030906733	0.029757462
ENSMUSG00000070031_LINE1682_Sp140_I	-0.07431915763842739	0.1433151662349701	5.756330963870012e-05	8.548229905474541e-05	0.49105868	0.44367665	0.06883496	-0.13502152
ENSMUSG00000024837_LINE980_Dmrt1_I	-0.07406102643017569	0.1723322719335556	6.108673784391566e-05	9.046813077427727e-05	0.5058815	0.4477968	0.10973292	-0.14594504
ENSMUSG00000031921_LINE1545_Terf2_D	0.07344824730171734	0.1285911500453949	7.028588006035294e-05	0.00010380976865282482	0.4790481	0.5246399	0.011844292	0.2031107
ENSMUSG00000025529_LINE371_Zfp711_D	0.07327997080776244	0.15179388225078583	7.303262778919819e-05	0.00010757508687868381	0.47158584	0.5250178	-0.0671165	0.16694725
ENSMUSG00000061911_LINE940_Myt1l_I	-0.07312886840070976	0.14150457084178925	7.558523010109997e-05	0.00011103490675228972	0.52862144	0.47829977	0.1986126	-0.006846263
ENSMUSG00000021972_LINE1199_Hmbox1_D	0.07287667976860535	0.11653148382902145	8.003423623347812e-05	0.00011725445899797197	0.47153777	0.5120473	-0.05879342	0.13130912
XP_0027269251_LINE265_Nfil3_D_N4	0.0727586977887373	0.14093957841396332	8.219954105070565e-05	0.00012010388705800156	0.45560968	0.5033919	-0.047242202	0.14388564
ENSMUSG00000017801_LINE55_Mlx_D_N3	0.07202554992055359	0.1586759388446808	9.694591527555115e-05	0.00014127145407800902	0.46415287	0.51927894	-0.085098855	0.15926036
ENSMUSG00000033237_LINE27_Arid2_I	-0.07097630160264319	0.06588184833526611	0.00012244438620108935	0.00017795250794558318	0.49771798	0.47505406	0.07208361	-0.017782247
ENSMUSG00000024922_LINE366_Ovol1_I	-0.07055176933060711	0.09481287747621536	0.0001344578917138178	0.00019489242282986886	0.5167897	0.48328254	0.13576823	-0.01162466
ENSMUSG00000070643_LINE1766_Sox13_D	-0.06974945751539453	0.15463349223136902	0.0001602515434272739	0.00023166337179804847	0.4789807	0.42928097	0.04638129	-0.1552564
ENSMUSG00000061517_LINE1757_Sox21_D	-0.06971558917361588	0.10274849086999893	0.00016143668597547682	0.00023275924300697053	0.46297696	0.4304632	-0.015450396	-0.16719711
ENSMUSG00000053211_LINE623_Zfy1_I	0.06955218594373244	0.1606120765209198	0.0001672713253832603	0.00024053528320284133	0.49466726	0.55409753	0.019082122	0.24015555
ENSMUSG00000022330_LINE339_Osr2_D	0.06833572762894903	0.0798490047454834	0.00021736269554063306	0.0003116430324297437	0.45264497	0.4789729	-0.12070677	-0.009948582
ENSMUSG00000061524_LINE716_Zic2_D	0.06832493887862451	0.07415763288736343	0.0002178642116618942	0.0003116430324297437	0.49071828	0.5171293	-0.022089195	0.08366588
ENSMUSG00000030103_LINE100_Bhlhe40_D_N5	0.06820058298028261	0.1883564293384552	0.00022372384316363505	0.00031918715844026467	0.4481012	0.5119902	-0.14245526	0.1475539
ENSMUSG00000004151_LINE1004_Etv1_D	0.06776689079024995	0.19548170268535614	0.0002453369732033625	0.0003491087477697978	0.4856163	0.5575334	-0.04602508	0.26682803
ENSMUSG00000026436_LINE1023_Elk4_D	0.06690237183063195	0.17509111762046814	0.000294385168847294	0.00041781228391087294	0.48170403	0.5451514	-0.019845512	0.25501567
ENSMUSG00000004359_LINE1005_Spic_D_N1	-0.06506940717772867	0.11909247189760208	0.00043025826787141606	0.0006090668986751214	0.5018953	0.46133617	0.072111025	-0.10349595
ENSMUSG00000024515_LINE7356_Smad4_I_N1	-0.06455092718954797	0.08550098538398743	0.0004781990287697949	0.0006751773851801508	0.5072507	0.4774867	0.034610555	-0.08838204
ENSMUSG00000075588_LINE1434_Hoxb2_I	-0.06402602798796582	0.27534404397010803	0.0005317704200152296	0.0007488756560937988	0.5230009	0.43039373	0.21462455	-0.264039
ENSMUSG00000028639_LINE2093_Ybx1_I_N1	-0.06308373260114271	0.12364719063043594	0.0006422043476842622	0.0008997464511257659	0.46811116	0.42884117	-0.056621317	-0.22855303
ENSMUSG00000018554_LINE2089_Ybx2_I_N1	-0.06308373260114271	0.12364719063043594	0.0006422043476842622	0.0008997464511257659	0.46811116	0.42884117	-0.056621317	-0.22855303
ENSMUSG00000046532_LINE1630_Ar_D_N1	-0.0628593585687547	0.1346748024225235	0.0006714723645418649	0.000938339586346965	0.5246119	0.47696465	0.13358837	-0.06562539
ENSMUSG00000017724_LINE1019_Etv4_D	0.062126995889913494	0.18133139610290527	0.0007758534430180429	0.0010814325484522593	0.48336425	0.54944044	-0.042821065	0.24725232
ENSMUSG00000021848_LINE1198_Otx2_D	-0.061988684501568005	0.15653832256793976	0.0007971829682549237	0.001108328361476871	0.5249213	0.46991813	0.16916387	-0.07908183
ENSMUSG00000034161_LINE113_Scx_I	0.061960598989227726	0.11091909557580948	0.0008015800448399468	0.0011116059145999263	0.48037913	0.51956826	-0.028599896	0.13297203
ENSMUSG00000022895_LINE2391_Ets2_I_N55	0.06171466113492979	0.16829612851142883	0.0008410563901985978	0.0011604448928056602	0.48294428	0.54393655	-0.03351767	0.23908855
ENSMUSG00000008976_LINE1011_Gabpa_D_N3	0.06171466113492979	0.16829612851142883	0.0008410563901985978	0.0011604448928056602	0.48294428	0.54393655	-0.03351767	0.23908855
ENSMUSG00000030557_LINE1510_Mef2a_I	-0.06163298629042313	0.11865153908729553	0.0008545599522226628	0.0011760989241448262	0.5173186	0.47568583	0.15670215	-0.017633252
ENSMUSG00000018750_LINE318_Zbtb4_I	-0.06140516206065444	0.13805988430976868	0.0008932962493561964	0.001226313490929791	0.50478876	0.45780936	0.053947076	-0.14770152
ENSMUSG00000029729_LINE400_Zkscan1_D	-0.06091181573571489	0.14190833270549774	0.0009828173332087796	0.0013458177050220724	0.52615505	0.4759278	0.18481876	-0.02856597
ENSMUSG00000030256_LINE106_Bhlhe41_D	0.06073938955955839	0.13032373785972595	0.0010160149860428949	0.0013877898932164855	0.48674503	0.53370696	-0.055138085	0.1456397
ENSMUSG00000021318_LINE331_Gli3_D	-0.05912886486987347	0.18195492029190063	0.0013801600069444121	0.0018804680094617614	0.50341594	0.4425801	0.11770335	-0.14586902
ENSMUSG00000045268_LINE526_Zfp691_D	0.058221785004554494	0.12367449700832367	0.001634869481528751	0.0022219547816288514	0.46248662	0.50477713	-0.09600414	0.09493299
ENSMUSG00000070495_LINE1841_Ctcfl_I	-0.05805558397707796	0.015588429756462574	0.0016859828373943662	0.0022857230009450985	0.4824383	0.48778796	0.19473694	0.27784196
ENSMUSG00000040857_LINE1034_Erf_I	0.05741037913765135	0.16358672082424164	0.0018986430593519986	0.0025676438395703205	0.49424314	0.55478674	-0.012769136	0.24130377
ENSMUSG00000031737_LINE1276_Irx5_D	-0.057203583253620724	0.15894708037376404	0.0019718469035184334	0.002660040996083035	0.51840734	0.46328312	0.1470451	-0.095490634
ENSMUSG00000024513_LINE1513_Mbd2_I	-0.05686974561960025	0.14131277799606323	0.002095504522033988	0.002819876455576601	0.5118638	0.46317065	0.05940165	-0.112763315
ENSMUSG00000048402_LINE1433_Gli2_I_N6	-0.056029737883816245	0.1893688291311264	0.0024387464822153058	0.0032656433238509625	0.5224325	0.4569376	0.15528661	-0.14348197
ENSMUSG00000025407_LINE1014_Gli1_I_N6	-0.056029737883816245	0.1893688291311264	0.0024387464822153058	0.0032656433238509625	0.5224325	0.4569376	0.15528661	-0.14348197
ENSMUSG00000038932_LINE129_Tcfl5_D	-0.05557235066549935	0.11317446082830429	0.0026465708926133287	0.003535247883515353	0.50211906	0.4634804	0.07383635	-0.08504344
ENSMUSG00000035799_LINE296_Twist1_I_N2	-0.05542516044557322	0.11714210361242294	0.002716815031046966	0.003620205848216617	0.51307	0.472277	0.10308669	-0.06817979
ENSMUSG00000037447_LINE18_Arid5a_D	0.055109452714063006	0.14155524969100952	0.0028732574701575667	0.0038193300517948142	0.47300783	0.5228028	-0.044890538	0.16058327
ENSMUSG00000036461_LINE1030_Elf1_I	-0.054847012022883376	0.07514843344688416	0.0030095136169390104	0.0039907175699069606	0.4894231	0.4640746	0.0072762826	-0.09717657
ENSMUSG00000051451_LINE236_Crebzf_D	-0.05441013994830377	0.10631756484508514	0.0032494535753286972	0.004298427666393543	0.46127945	0.42779797	0.074925385	-0.054520875
ENSMUSG00000035011_LINE1189_Zbtb7a_I_N2	-0.05410530587603578	0.15495729446411133	0.0034270570605990495	0.004511464004894884	0.5153136	0.46181515	0.08812476	-0.14043713
ENSMUSG00000044646_LINE1331_Zbtb7c_I_N2	-0.05410530587603578	0.15495729446411133	0.0034270570605990495	0.004511464004894884	0.5153136	0.46181515	0.08812476	-0.14043713
ENSMUSG00000042589_LINE963_Cux2_I	0.05359111934551213	0.18456515669822693	0.0037467469571286984	0.004920426726831665	0.41048598	0.46787152	-0.1938405	0.06530532
ENSMUSG00000051817_LINE1749_Sox12_D	0.053049607874019696	0.12976409494876862	0.004112507322719718	0.005387780026159245	0.4003339	0.43895242	-0.19042845	0.016367892
ENSMUSG00000058318_LINE32_Phf21a_D	-0.05291307017296515	0.1945798248052597	0.004209703884676784	0.005501891168222655	0.5249688	0.4574704	0.16108355	-0.13931091
ENSMUSG00000023781_LINE78_Hes7_D	-0.05283462258666161	0.15166646242141724	0.00426648556686105	0.005562762282151369	0.52630216	0.47278458	0.17686215	-0.05353005
ENSMUSG00000048138_LINE985_Dmrt2_I	0.0527449667792736	0.06282960623502731	0.004332229377752222	0.005635000025954561	0.4887601	0.5109611	0.009242296	0.094031684
ENSMUSG00000013089_LINE1017_Etv5_D	0.05202320111450954	0.15659449994564056	0.004895859940340712	0.006352961113061162	0.49271205	0.5503495	-0.03809765	0.21585591
ENSMUSG00000021356_LINE1498_Irf4_D	-0.051734777381283854	0.11228247731924057	0.0051390514991504245	0.00665269137063416	0.45720908	0.42222598	-0.025447072	-0.19443375
ENSMUSG00000000567_LINE1701_Sox9_I	0.05157605587537688	0.15331916511058807	0.0052774873649275075	0.00681571235517889	0.3947134	0.44009197	-0.2708717	-0.013682478
ENSMUSG00000036972_LINE452_Zic4_I	-0.05144110431373544	0.0737713873386383	0.005397829823015153	0.006954650717596356	0.5108658	0.48490116	0.09436073	-0.005611322
ENSMUSG00000060969_LINE1400_Irx1_I	0.049846499871024345	0.10357067734003067	0.0070193504290691905	0.009022514112836577	0.46976754	0.50547636	-0.049863	0.11144886
ENSMUSG00000032035_LINE1028_Ets1_D_N1	0.04957423757572455	0.1692497581243515	0.007336272109745855	0.009407690117203509	0.4789315	0.5397905	-0.021000404	0.24286272
ENSMUSG00000049823_LINE587_Zbtb12_D	0.048724902986122906	0.10066057741641998	0.008409000593748063	0.010757993717353741	0.4773459	0.51256365	-0.05600097	0.07750758
ENSMUSG00000031618_LINE1619_Nr3c2_I	-0.048288199877763824	0.10368960350751877	0.009013417223184992	0.011504244465189276	0.50325114	0.46765712	0.09457186	-0.058802117
ENSMUSG00000002325_LINE1495_Irf9_D	-0.04739491791221073	0.11514035612344742	0.010371854962312388	0.013207151762757595	0.48458004	0.446642	-0.014172333	-0.18256189
ENSMUSG00000061894_LINE719_Zscan20_D	-0.046754316769929104	0.10077524930238724	0.011455230065610124	0.014552681551882324	0.5147694	0.47936413	0.13787426	-0.014105923
ENSMUSG00000009406_LINE1014_Elk1_D	0.04536036297783635	0.14046595990657806	0.014165786900366862	0.01795431130395335	0.49146354	0.54274374	-0.016853709	0.20590803
ENSMUSG00000028890_LINE392_Mtf1_D	-0.04520883367841101	0.10228267312049866	0.014492093887946915	0.01832526953348276	0.52066064	0.48434108	0.0876564	-0.058349255
ENSMUSG00000057098_LINE155_Ebf1_D	-0.04432326441467674	0.07900552451610565	0.016534849673037044	0.020859937666215713	0.48983952	0.4632031	0.001808921	-0.10748991
ENSMUSG00000031860_LINE1278_Pbx4_I	0.04364173495338444	0.10608604550361633	0.01827493612250561	0.022948940522501283	0.4634016	0.49952415	-0.08496642	0.068433754
ENSMUSG00000034673_LINE1290_Pbx2_I	0.04364173495338444	0.10608604550361633	0.01827493612250561	0.022948940522501283	0.4634016	0.49952415	-0.08496642	0.068433754
XP_0027269251_LINE1938_Nfil3_I_N4	0.042819244868525896	0.08007451891899109	0.020586612085087375	0.025792422037638207	0.4787352	0.50662863	-0.014279392	0.121727705
ENSMUSG00000061079_LINE713_Zfp143_I	0.04245679062106918	0.08978988975286484	0.02168368974854097	0.027104612185676214	0.48774156	0.5197041	-0.0024604797	0.12505649
ENSMUSG00000008398_LINE1009_Elk3_D_N2	0.04137766559144367	0.1297501027584076	0.025256372112753285	0.031498221513616795	0.49322164	0.5405769	-0.010515601	0.19590029
ENSMUSG00000037169_LINE121_Mycn_D	0.04030660231797098	0.10480891913175583	0.029294971321267495	0.03645150541116617	0.4841935	0.5214319	0.0027855667	0.17604561
ENSMUSG00000001504_LINE1148_Irx2_D	-0.03975011668015039	0.11931747943162918	0.03160433016924733	0.039235444059771744	0.482286	0.44320986	0.038584154	-0.14494252
ENSMUSG00000019947_LINE15_Arid5b_D	-0.03845671446780631	0.11456796526908875	0.0375815549403424	0.04654988055110592	0.46437803	0.4281635	-0.029164001	-0.18188787
ENSMUSG00000044807_LINE521_Zfp354c_I	0.03783222691428377	0.0642799660563469	0.04079587996142479	0.05041667704983335	0.48564827	0.50823146	-0.06245751	0.034557942
ENSMUSG00000000282_LINE38_Mnt_D	-0.03711184960876252	0.05072135850787163	0.04479008944797929	0.05522759897997446	0.48846677	0.47124648	0.04552062	-0.01118285
ENSMUSG00000045991_LINE2158_Onecut2_I_N5	0.03666441869960355	0.1557190865278244	0.0474331801222471	0.05835458954091348	0.4419401	0.49345076	-0.12955327	0.111699425
ENSMUSG00000002996_LINE1704_Hbp1_D	0.036638447842572135	0.124516561627388	0.04759053965957069	0.05841631557312168	0.45606974	0.49808234	-0.13028458	0.064624965
ENSMUSG00000048763_LINE1367_Hoxb3_D	-0.036615573894495955	0.22538045048713684	0.047729497858291954	0.0584552277140879	0.53330535	0.4547268	0.17717418	-0.25899345
ENSMUSG00000066772_LINE1408_Obox3_D	-0.03593952190737531	0.08212743699550629	0.05199301326195254	0.06353406329095097	0.52178127	0.4923544	0.17932579	0.045987528
ENSMUSG00000003382_LINE1003_Etv3_D	0.03567936927865731	0.11511844396591187	0.053716392875794904	0.06549314120203181	0.49108228	0.5327042	0.01435965	0.19711581
ENSMUSG00000056216_LINE244_Cebpg_D	0.03433041904283892	0.06650903075933456	0.06343396577573567	0.07716855211557129	0.49266025	0.51637566	0.10242313	0.2134774
ENSMUSG00000035397_LINE2773_Klf16_I_N3	0.034138131181779496	0.05425321310758591	0.06493069392864466	0.07846392060113379	0.4691192	0.48747975	-0.07828416	-0.0015877031
ENSMUSG00000020653_LINE897_Klf11_I_N3	0.034138131181779496	0.05425321310758591	0.06493069392864466	0.07846392060113379	0.4691192	0.48747975	-0.07828416	-0.0015877031
ENSMUSG00000052040_LINE1535_Klf13_I_N3	0.034138131181779496	0.05425321310758591	0.06493069392864466	0.07846392060113379	0.4691192	0.48747975	-0.07828416	-0.0015877031
ENSMUSG00000031393_LINE1517_Mecp2_D	-0.03346757161010707	0.08778362721204758	0.07037964123443938	0.08486040812559614	0.5023493	0.4721039	0.07738746	-0.041965097
ENSMUSG00000063889_LINE256_Crem_D	0.032788941312545734	0.09437895566225052	0.07627035419449203	0.09176013915231382	0.4643296	0.496397	-0.07696989	0.069124326
ENSMUSG00000016087_LINE1018_Fli1_D	0.03249697930025713	0.12729474902153015	0.07892543196244806	0.09474528726769645	0.48347765	0.52899784	-0.021258013	0.18032351
ENSMUSG00000035529_LINE447_Prdm4_I	-0.03175679491783879	0.07840379327535629	0.08599440525641909	0.10300428761483166	0.5018756	0.4747999	0.06163326	-0.06041775
ENSMUSG00000027109_LINE1055_Sp3_I_N13	-0.030826708454118595	0.06619498133659363	0.09559244642305922	0.1142497440801914	0.49669835	0.4739749	-0.009802384	-0.08976602
ENSMUSG00000028023_LINE1243_Pitx2_D	-0.03070706445399741	0.09471672773361206	0.0968870582266092	0.11529136841375985	0.5222233	0.48840374	0.15047498	0.001896648
ENSMUSG00000037174_LINE1031_Elf2_D	0.03071392481194192	0.10831403732299805	0.09681244868552569	0.11529136841375985	0.49419796	0.53350914	0.008123984	0.17715082
ENSMUSG00000022383_LINE1603_Ppara_I	0.030055683349910507	0.0747453048825264	0.10418300567508221	0.12370313310004315	0.49622276	0.52314126	0.012689937	0.1255743
ENSMUSG00000020679_LINE1186_Hnf1b_D	0.029554873908635967	0.03647565096616745	0.11008375741293507	0.13042532128271653	0.49160287	0.5044466	0.016158272	0.074062414
ENSMUSG00000042372_LINE982_Dmrt3_I	-0.029498708767285668	0.05120246857404709	0.11076165940942384	0.13094382728445986	0.4767828	0.45980945	0.015286188	-0.06505482
ENSMUSG00000024215_LINE1021_Spdef_D_N2	0.02941720786886204	0.0982791930437088	0.11175121309805282	0.13182772973688048	0.48099613	0.5156093	-0.029392451	0.12981212
ENSMUSG00000040732_LINE1032_Erg_D_N1	0.02935344399747868	0.1235508918762207	0.11253026025829849	0.13246002557402306	0.48815092	0.5326921	0.0003348442	0.18998635
ENSMUSG00000027104_LINE197_Atf2_D	0.029117995801646635	0.10722202807664871	0.11544402251327891	0.13559696609857114	0.44013992	0.47486916	-0.13196848	0.04356957
ENSMUSG00000005698_LINE295_Ctcf_D	0.028542342410633928	0.2244529277086258	0.12281770683938566	0.1439476348977746	0.44567066	0.5223756	0.096976556	0.8265721
ENSMUSG00000051367_LINE1380_Six1_D	0.028150962046596784	0.07245812565088272	0.12803748703789022	0.149743412952039	0.44317177	0.4665132	-0.13088287	-0.018570425
ENSMUSG00000029127_LINE394_Zbtb49_I	-0.027669381590233577	0.046221937984228134	0.13469494883474048	0.15719217797630314	0.49435967	0.4784568	0.011728952	-0.05788175
ENSMUSG00000026222_LINE1678_Sp100_D	0.02664016523353403	0.01901817135512829	0.14981628707837338	0.1744655479865673	0.47518784	0.48162612	0.03229318	0.06052563
ENSMUSG00000018973_LINE1182_Hoxb1_I	0.02654739958349516	0.04630138725042343	0.15124038296428227	0.17574841943610628	0.43574268	0.45028025	-0.1379037	-0.07671725
ENSMUSG00000025958_LINE192_Creb1_D	0.026405173744780977	0.07975038886070251	0.15344375438653238	0.17792945987374498	0.4611496	0.48792747	-0.11219085	0.02681601
ENSMUSG00000022389_LINE183_Tef_D	-0.026040955191637998	0.06316579133272171	0.1591974189906158	0.1842093277067635	0.4922	0.4706865	0.070328385	-0.01834481
ENSMUSG00000030753_LINE1815_Prkrir_I	-0.024833549084035195	0.05717933923006058	0.17943948147269279	0.2068039429536015	0.4972091	0.47749972	0.028265666	-0.06715218
ENSMUSG00000028901_LINE1679_Gmeb1_D	0.02483106254022947	0.060460273176431656	0.1794830550771624	0.2068039429536015	0.46403682	0.4843248	-0.06761299	0.0062403786
ENSMUSG00000012350_LINE1015_Ehf_D_N2	-0.024379026875265514	0.0014265784993767738	0.1875356641621239	0.2156264493003323	0.49815223	0.49765	0.04485293	0.04751732
ENSMUSG00000041583_LINE1343_Obox6_D	-0.02408756633549493	0.07952872663736343	0.1928672617415464	0.2212898055771427	0.51733774	0.4890549	0.1411069	0.009299896
ENSMUSG00000022528_LINE77_Hes1_D	0.02364866075765653	0.00939143542200327	0.20110478491116882	0.23025652894240967	0.49647772	0.49978548	0.0673438	0.09118397
ENSMUSG00000022641_LINE1712_Bbx_D	0.023434742943820485	0.09927845746278763	0.2052114100947832	0.23446586687978374	0.45003456	0.4828063	-0.08998245	0.06665799
ENSMUSG00000048481_LINE1557_Mypop_D	-0.02243364391250044	0.06095578521490097	0.22524018345540245	0.2568115062409923	0.4965294	0.4755737	0.062214237	-0.029409282
ENSMUSG00000029238_LINE96_Clock_D	0.02211385008627474	0.06365016847848892	0.23192305042428307	0.26387904484600055	0.48133954	0.50350225	-0.0070135333	0.112584785
ENSMUSG00000009097_LINE1791_Tbx1_D	0.02179577985883793	0.02668941207230091	0.23870827179030613	0.27103335026191006	0.46840474	0.47733748	-0.079626225	-0.042240385
ENSMUSG00000032744_LINE111_Heyl_I	0.02077715325788067	0.0634298101067543	0.26137583747223314	0.2949271872098697	0.47992048	0.50194097	-0.023120247	0.09043854
ENSMUSG00000019789_LINE59_Hey2_D	0.02077715325788067	0.0634298101067543	0.26137583747223314	0.2949271872098697	0.47992048	0.50194097	-0.023120247	0.09043854
ENSMUSG00000040289_LINE132_Hey1_I	0.02077715325788067	0.0634298101067543	0.26137583747223314	0.2949271872098697	0.47992048	0.50194097	-0.023120247	0.09043854
ENSMUSG00000024137_LINE2393_E4f1_I	0.02056801121942834	0.03836527466773987	0.2662081348105663	0.29975916006561704	0.4814567	0.4947012	-0.026342226	0.035806783
ENSMUSG00000002578_LINE762_Ikzf4_I_N3	-0.020243570361277458	0.00042576619307510555	0.2738254234745323	0.30518375417918225	0.4682221	0.46808103	-0.04279898	-0.044022985
ENSMUSG00000018654_LINE316_Ikzf1_I	-0.020243570361277458	0.00042576619307510555	0.2738254234745323	0.30518375417918225	0.4682221	0.46808103	-0.04279898	-0.044022985
ENSMUSG00000032402_LINE1698_Smad3_D	0.020271343149267228	0.05277084559202194	0.27316760011839314	0.30518375417918225	0.4788244	0.49703562	-0.009032772	0.08293526
ENSMUSG00000024563_LINE7358_Smad2_I_N1	0.020271343149267228	0.05277084559202194	0.27316760011839314	0.30518375417918225	0.4788244	0.49703562	-0.009032772	0.08293526
ENSMUSG00000027796_LINE17891_Smad9_I_N1	0.020271343149267228	0.05277084559202194	0.27316760011839314	0.30518375417918225	0.4788244	0.49703562	-0.009032772	0.08293526
ENSMUSG00000046873_LINE1387_Mbtps2_I_N16	-0.020089685299968636	0.026601281017065048	0.2774899304222835	0.30863675934723367	0.49718988	0.5066285	0.033251114	0.08584412
ENSMUSG00000027186_LINE1024_Elf5_D_N2	-0.01870222113609326	0.00413815351203084	0.3120353829528787	0.3463529199782462	0.50181854	0.50328875	0.046579372	0.058720503
ENSMUSG00000055991_LINE656_Zkscan5_D	0.018109508621471454	0.059159260243177414	0.32762167967846845	0.3629142589934254	0.45369434	0.47310385	-0.16393203	-0.08448864
ENSMUSG00000025369_LINE1534_Smarcc2_I	0.01749186659368533	0.05210365355014801	0.3443916494683753	0.3807169350106786	0.4929865	0.51148415	0.016023891	0.1103302
ENSMUSG00000032419_LINE7580_Tbx18_I_N1	-0.016589404656146223	0.012519687414169312	0.3698608509576973	0.40722053287261617	0.48089883	0.47665724	-0.01697174	-0.035483822
ENSMUSG00000027868_LINE7567_Tbx15_I_N1	-0.016589404656146223	0.012519687414169312	0.3698608509576973	0.40722053287261617	0.48089883	0.47665724	-0.01697174	-0.035483822
ENSMUSG00000038705_LINE1680_Gmeb2_D	0.016517184792351765	0.06518518924713135	0.3719483839034875	0.40869328473266264	0.4621073	0.48392773	-0.098428205	-0.012458247
ENSMUSG00000042745_LINE133_Id1_I	-0.0164483642760783	0.00529130594804883	0.3739444375303991	0.4092363824378865	0.48569843	0.48751983	-0.021028152	-0.003194972
ENSMUSG00000020644_LINE69_Id2_D	-0.0164483642760783	0.00529130594804883	0.3739444375303991	0.4092363824378865	0.48569843	0.48751983	-0.021028152	-0.003194972
ENSMUSG00000031870_LINE6829_Pgr_I_N9	-0.016266361642552178	0.02224707044661045	0.3792550396164781	0.4142164260340292	0.46622586	0.45893857	-0.031259555	-0.061468545
ENSMUSG00000021264_LINE330_Yy1_I	-0.015994641845644416	0.02794799953699112	0.38726926024909814	0.42212349367151697	0.5038401	0.5138913	0.06727097	0.1176108
ENSMUSG00000019817_LINE320_Plagl1_D	-0.014839015739578833	0.06026812642812729	0.42249141993418826	0.45959645481862793	0.5262097	0.50427115	0.11732603	0.018760217
ENSMUSG00000026077_LINE84_Npas2_D	-0.014671163006519453	0.026036905124783516	0.4277589960892738	0.46439970690966975	0.49441597	0.48539424	0.034877986	0.0054322495
ENSMUSG00000024220_LINE358_Zfp523_I	-0.014357294748483379	0.011201316490769386	0.43771074428317713	0.474259156330679	0.4983633	0.49443156	0.026594603	0.021975672
ENSMUSG00000029475_LINE974_Kdm2b_I	-0.014313206294752193	0.0773850679397583	0.43911923332293135	0.47484123444642373	0.4818611	0.45617315	0.059251994	-0.05153524
ENSMUSG00000051184_LINE606_Zfp524_I	-0.014202164668154861	0.05823207646608353	0.4426781738515856	0.47774179158240426	0.49220517	0.47233814	0.038012046	-0.03669735
ENSMUSG00000020232_LINE1710_Hmg20b_D	-0.01337500732385416	0.1275792419910431	0.4697022585134716	0.505904606501664	0.5225643	0.47749132	0.10251619	-0.13970374
ENSMUSG00000023027_LINE185_Atf1_D_N1	0.012461294542480197	0.05855628848075867	0.5005844811716318	0.5381036336065864	0.45149606	0.47061267	-0.07065667	0.01462971
ENSMUSG00000021540_LINE17865_Smad5_I_N1	-0.011741422120243683	0.019781077280640602	0.5256525605805551	0.5627986040931982	0.5107882	0.5036963	0.027485723	0.0018988503
ENSMUSG00000021514_LINE335_Zfp369_I	-0.011654539467653135	0.01594856008887291	0.5287208904508578	0.5627986040931982	0.47342628	0.46811157	-0.07162171	-0.08763502
ENSMUSG00000031681_LINE7378_Smad1_I_N1	-0.011741422120243683	0.019781077280640602	0.5256525605805551	0.5627986040931982	0.5107882	0.5036963	0.027485723	0.0018988503
ENSMUSG00000058638_LINE686_Zfp110_I	-0.011654539467653135	0.01594856008887291	0.5287208904508578	0.5627986040931982	0.47342628	0.46811157	-0.07162171	-0.08763502
ENSMUSG00000056749_LINE248_Nfil3_D	0.011691076701053	0.06871383637189865	0.5274294395163068	0.5627986040931982	0.4754274	0.49910715	-0.003120602	0.099184036
ENSMUSG00000066798_LINE756_Zbtb6_I	-0.011346631877347501	0.016044488176703453	0.539667774329361	0.5733312612270989	0.4644372	0.46974295	-0.09500852	-0.06452089
ENSMUSG00000005774_LINE1663_Rfx5_I	0.01085932793645696	0.05952155217528343	0.5572213013259333	0.5896807946070556	0.5046577	0.5263351	0.06734094	0.15415655
ENSMUSG00000042472_LINE500_Zfp410_D	0.010888460722655938	0.028855735436081886	0.5561641256580986	0.5896807946070556	0.45685077	0.4662824	-0.10513573	-0.06015312
ENSMUSG00000025408_LINE538_Ddit3_I	-0.010298106461955774	0.006245769094675779	0.5777756554294318	0.6102475430407758	0.47194344	0.46986148	-0.0038736684	-0.0102325305
ENSMUSG00000030199_LINE1026_Etv6_D	0.010003974601204047	0.06684764474630356	0.5886885930150736	0.6205711473756579	0.48942357	0.51310897	0.037690517	0.12987107
ENSMUSG00000050240_LINE593_Hic2_I	0.009294513992930084	0.03695935383439064	0.6153948033691325	0.6474285440875158	0.48266664	0.47020566	0.021604342	-0.033479054
ENSMUSG00000031103_LINE1027_Elf4_D	0.009264348352357387	0.07784009724855423	0.6165420447365517	0.6474285440875158	0.49056467	0.51831436	0.023326747	0.13734329
ENSMUSG00000003949_LINE173_Hlf_D	0.009007592564974779	0.0051883189007639885	0.6263445068330853	0.6564572235077528	0.49853203	0.49670655	0.11446838	0.11707372
ENSMUSG00000038415_LINE1071_Foxq1_I	0.008962048587384535	0.005029454827308655	0.6280902697750217	0.6570234108011264	0.51022655	0.5120433	0.106359355	0.11883283
ENSMUSG00000038560_LINE471_Sp6_I	0.007873597028425591	0.001672421465627849	0.6704127248365637	0.6999519828274468	0.48423705	0.4848103	-0.045094647	-0.049218275
ENSMUSG00000000690_LINE1141_Hoxb6_D	0.007190824146669946	0.08645341545343399	0.6975161554926361	0.7268571792418483	0.48051107	0.45198062	0.006683624	-0.13243684
ENSMUSG00000040841_LINE5790_Six5_I_N4	0.007066692141433696	0.010643004439771175	0.702486681635582	0.7306397738385347	0.4510478	0.44765908	-0.08070968	-0.092063375
ENSMUSG00000038342_LINE128_Mlxip_D	-0.006382402865348264	0.0004902392392978072	0.7301107909002453	0.7564836141456914	0.49527082	0.4950992	0.03061103	0.0496306
ENSMUSG00000044224_LINE513_Dnajc21_D	0.006392815719003739	0.02305380254983902	0.7296876926596308	0.7564836141456914	0.49464443	0.4866445	0.009819558	-0.038203664
ENSMUSG00000059436_LINE156_Max_D_N3	-0.006270769687716119	0.021350247785449028	0.7346518393296153	0.7597443120201904	0.4906026	0.49806607	0.04664878	0.08007322
ENSMUSG00000057156_LINE1393_Homez_D	-0.0053178711080827	0.0180289838463068	0.7737771420395749	0.7986904212340309	0.41610754	0.41081572	-0.009060669	-0.039411116
ENSMUSG00000031734_LINE1274_Irx3_D_N2	0.005177212776957585	0.0281353946775198	0.7796041698600886	0.8031838801016036	0.49027348	0.48061168	0.063839614	0.017504329
ENSMUSG00000034460_LINE1286_Six4_D	-0.004190205693174383	0.045231565833091736	0.8208239134915147	0.8440547789676897	0.44703814	0.43293133	-0.113903604	-0.17742169
ENSMUSG00000030380_LINE406_Mzf1_D_N2	-0.004098464453787628	0.0002472898631822318	0.8246823968747031	0.8464254355870305	0.48111823	0.48120242	-0.027824597	-0.026593203
ENSMUSG00000054931_LINE639_Zkscan4_I	0.0037182256852434604	0.003926004748791456	0.8407187837469086	0.858498355922911	0.4947095	0.49333784	0.04554487	0.039770704
ENSMUSG00000021327_LINE332_Zkscan3_I	0.0037182256852434604	0.003926004748791456	0.8407187837469086	0.858498355922911	0.4947095	0.49333784	0.04554487	0.039770704
ENSMUSG00000076431_LINE1772_Sox4_D	-0.003707529827666552	0.035396840423345566	0.8411708661703385	0.858498355922911	0.48963562	0.5020459	0.054755494	0.12044045
ENSMUSG00000001988_LINE41_Npas1_I	0.0031793233094638243	0.006842073984444141	0.8635588104562667	0.87642374618001	0.46739668	0.46966615	-0.05422581	-0.046940386
ENSMUSG00000021010_LINE71_Npas3_I	0.0031793233094638243	0.006842073984444141	0.8635588104562667	0.87642374618001	0.46739668	0.46966615	-0.05422581	-0.046940386
ENSMUSG00000019913_LINE60_Sim1_I	0.0031793233094638243	0.006842073984444141	0.8635588104562667	0.87642374618001	0.46739668	0.46966615	-0.05422581	-0.046940386
ENSMUSG00000021575_LINE74_Ahrr_I	-0.0030015033140417093	0.029954606667160988	0.8711213242895375	0.8808184076768051	0.48034093	0.47026497	-0.044254422	-0.066110566
ENSMUSG00000019256_LINE58_Ahr_I	-0.0030015033140417093	0.029954606667160988	0.8711213242895375	0.8808184076768051	0.48034093	0.47026497	-0.044254422	-0.066110566
ENSMUSG00000023333_LINE1127_Gcm1_D	0.002123618853650636	0.03012978285551071	0.9086166103343891	0.9170297270967446	0.4626165	0.47259057	-0.05945109	-0.008196301
ENSMUSG00000039164_LINE1505_Naif1_I	-0.001709760681080502	0.005664293188601732	0.9263689753367917	0.9332182838420545	0.48847523	0.486522	0.056749754	0.042532124
ENSMUSG00000005893_LINE1577_Nr2c2_I	-0.0016597760138778793	0.033446863293647766	0.9285157176775931	0.9336551035687974	0.4965813	0.5084629	-0.008825326	0.04868399
ENSMUSG00000028940_LINE94_Hes2_D	-0.001394200462323395	0.004788125865161419	0.9399300090702021	0.9433919980538861	0.48884928	0.49050766	0.017133089	0.017930176
ENSMUSG00000056501_LINE246_Cebpb_D_N3	0.0005988308350893424	0.0035146523732692003	0.97417909910174	0.9756700873794218	0.51200116	0.51073104	0.19028276	0.19059122
ENSMUSG00000060397_LINE708_Zfp128_D	-0.0005642412221804134	0.011323328129947186	0.9756700873794218	0.9756700873794218	0.47687164	0.48070797	0.019614644	0.033402123
